INSERT INTO Shiokee.[User] (UName)	
values ('Tin Shu Qi'),
('Lai Xuan Ming'),
('Leong Kai Feng'),
('How Jia Min'),
('Cheng Yi Hao'),
('Tung Jun Kai'),
('Li Jia Le'),
('Toh Rui Lin'),
('Ang Yong Zu'),
('Lin Jia Jian'),
('Hao Hui Wen'),
('Jiang De Kang'),
('Lin Jun Jie'),
('Ng Rui En'),
('Teo Jia Min'),
('Tin Shu Qi'),
('Lai Xuan Ming'),
('Leong Kai Feng'),
('How Jia Min'),
('Cheng Yi Hao'),
('Tung Jun Kai'),
('Li Jia Le'),
('Toh Rui Lin'),
('Ang Yong Zu'),
('Lin Jia Jian'),
('Hao Hui Wen'),
('Jiang De Kang'),
('Lin Jun Jie'),
('Ng Rui En'),
('Teo Jia Min'),
('Tin Shu Qi'),
('Lai Xuan Ming'),
('Leong Kai Feng'),
('How Jia Min'),
('Cheng Yi Hao'),
('Tung Jun Kai'),
('Li Jia Le'),
('Toh Rui Lin'),
('Ang Yong Zu'),
('Lin Jia Jian'),
('Hao Hui Wen'),
('Jiang De Kang'),
('Lin Jun Jie'),
('Ng Rui En'),
('Teo Jia Min'),
('Tin Shu Qi'),
('Lai Xuan Ming'),
('Leong Kai Feng'),
('How Jia Min'),
('Cheng Yi Hao'),
('Tung Jun Kai'),
('Tin Shu Qi'),
('Lai Xuan Ming'),
('Leong Kai Feng'),
('How Jia Min'),
('Cheng Yi Hao'),
('Tung Jun Kai'),
('Li Jia Le'),
('Toh Rui Lin'),
('Ang Yong Zu'),
('Lin Jia Jian'),
('Hao Hui Wen'),
('Jiang De Kang'),
('Lin Jun Jie'),
('Ng Rui En'),
('Teo Jia Min'),
('Tin Shu Qi'),
('Lai Xuan Ming'),
('Leong Kai Feng'),
('How Jia Min'),
('Cheng Yi Hao'),
('Tung Jun Kai'),
('Tin Shu Qi'),
('Lai Xuan Ming'),
('Leong Kai Feng'),
('How Jia Min'),
('Cheng Yi Hao'),
('Tung Jun Kai'),
('Li Jia Le'),
('Toh Rui Lin'),
('Ang Yong Zu'),
('Lin Jia Jian'),
('Hao Hui Wen'),
('Jiang De Kang'),
('Lin Jun Jie'),
('Ng Rui En'),
('Teo Jia Min'),
('Tin Shu Qi'),
('Lai Xuan Ming'),
('Leong Kai Feng'),
('How Jia Min'),
('Cheng Yi Hao'),
('Tung Jun Kai'),
('Tin Shu Qi'),
('Lai Xuan Ming'),
('Leong Kai Feng'),
('How Jia Min'),
('Cheng Yi Hao'),
('Tung Jun Kai'),
('Li Jia Le'),
('Toh Rui Lin'),
('Ang Yong Zu'),
('Lin Jia Jian'),
('Hao Hui Wen'),
('Jiang De Kang'),
('Lin Jun Jie'),
('Ng Rui En'),
('Teo Jia Min'),
('Tin Shu Qi'),
('Lai Xuan Ming'),
('Leong Kai Feng'),
('How Jia Min'),
('Cheng Yi Hao'),
('Tung Jun Kai'),
('Tin Shu Qi'),
('Lai Xuan Ming'),
('Leong Kai Feng'),
('How Jia Min'),
('Cheng Yi Hao'),
('Tung Jun Kai'),
('Li Jia Le'),
('Toh Rui Lin'),
('Ang Yong Zu'),
('Lin Jia Jian'),
('Hao Hui Wen'),
('Jiang De Kang'),
('Lin Jun Jie'),
('Ng Rui En'),
('Teo Jia Min'),
('Tin Shu Qi'),
('Lai Xuan Ming'),
('Leong Kai Feng'),
('How Jia Min'),
('Cheng Yi Hao'),
('Tung Jun Kai'),
('Tin Shu Qi'),
('Lai Xuan Ming'),
('Leong Kai Feng'),
('How Jia Min'),
('Cheng Yi Hao'),
('Tung Jun Kai'),
('Li Jia Le'),
('Toh Rui Lin'),
('Ang Yong Zu'),
('Lin Jia Jian'),
('Hao Hui Wen'),
('Jiang De Kang'),
('Lin Jun Jie'),
('Ng Rui En'),
('Teo Jia Min'),
('Tin Shu Qi'),
('Lai Xuan Ming'),
('Leong Kai Feng'),
('How Jia Min'),
('Cheng Yi Hao'),
('Tung Jun Kai'),
('Tin Shu Qi'),
('Lai Xuan Ming'),
('Leong Kai Feng'),
('How Jia Min'),
('Cheng Yi Hao'),
('Tung Jun Kai'),
('Li Jia Le'),
('Toh Rui Lin'),
('Ang Yong Zu'),
('Lin Jia Jian'),
('Hao Hui Wen'),
('Jiang De Kang'),
('Lin Jun Jie'),
('Ng Rui En'),
('Teo Jia Min'),
('Tin Shu Qi'),
('Lai Xuan Ming'),
('Leong Kai Feng'),
('How Jia Min'),
('Cheng Yi Hao'),
('Tung Jun Kai'),
('Tin Shu Qi'),
('Lai Xuan Ming'),
('Leong Kai Feng'),
('How Jia Min'),
('Cheng Yi Hao'),
('Tung Jun Kai'),
('Li Jia Le'),
('Toh Rui Lin'),
('Ang Yong Zu'),
('Lin Jia Jian'),
('Hao Hui Wen'),
('Jiang De Kang'),
('Lin Jun Jie'),
('Ng Rui En'),
('Teo Jia Min'),
('Tin Shu Qi'),
('Lai Xuan Ming'),
('Leong Kai Feng'),
('How Jia Min'),
('Cheng Yi Hao'),
('Tung Jun Kai'),
('Tin Shu Qi'),
('Lai Xuan Ming'),
('Leong Kai Feng'),
('How Jia Min'),
('Cheng Yi Hao'),
('Tung Jun Kai'),
('Li Jia Le'),
('Toh Rui Lin'),
('Ang Yong Zu'),
('Lin Jia Jian'),
('Hao Hui Wen'),
('Jiang De Kang'),
('Lin Jun Jie'),
('Ng Rui En'),
('Teo Jia Min'),
('Tin Shu Qi'),
('Lai Xuan Ming'),
('Leong Kai Feng'),
('How Jia Min'),
('Cheng Yi Hao'),
('Tung Jun Kai'),
('Tin Shu Qi'),
('Lai Xuan Ming'),
('Leong Kai Feng'),
('How Jia Min'),
('Cheng Yi Hao'),
('Tung Jun Kai'),
('Li Jia Le'),
('Toh Rui Lin'),
('Ang Yong Zu'),
('Lin Jia Jian'),
('Hao Hui Wen'),
('Jiang De Kang'),
('Lin Jun Jie'),
('Ng Rui En'),
('Teo Jia Min'),
('Tin Shu Qi'),
('Lai Xuan Ming'),
('Leong Kai Feng'),
('How Jia Min'),
('Cheng Yi Hao'),
('Tung Jun Kai'),
('Tin Shu Qi'),
('Lai Xuan Ming'),
('Leong Kai Feng'),
('How Jia Min'),
('Cheng Yi Hao'),
('Tung Jun Kai'),
('Li Jia Le'),
('Toh Rui Lin'),
('Ang Yong Zu'),
('Lin Jia Jian'),
('Hao Hui Wen'),
('Jiang De Kang'),
('Lin Jun Jie'),
('Ng Rui En'),
('Teo Jia Min'),
('Tin Shu Qi'),
('Lai Xuan Ming'),
('Leong Kai Feng'),
('How Jia Min'),
('Cheng Yi Hao'),
('Tung Jun Kai'),
('Tin Shu Qi'),
('Lai Xuan Ming'),
('Leong Kai Feng'),
('How Jia Min'),
('Cheng Yi Hao'),
('Tung Jun Kai'),
('Li Jia Le'),
('Toh Rui Lin'),
('Ang Yong Zu'),
('Lin Jia Jian'),
('Hao Hui Wen'),
('Jiang De Kang'),
('Lin Jun Jie'),
('Ng Rui En'),
('Teo Jia Min'),
('Tin Shu Qi'),
('Lai Xuan Ming'),
('Leong Kai Feng'),
('How Jia Min'),
('Cheng Yi Hao'),
('Tung Jun Kai'),
('Tin Shu Qi'),
('Lai Xuan Ming'),
('Leong Kai Feng'),
('How Jia Min'),
('Cheng Yi Hao'),
('Tung Jun Kai'),
('Li Jia Le'),
('Toh Rui Lin'),
('Ang Yong Zu'),
('Lin Jia Jian'),
('Hao Hui Wen'),
('Jiang De Kang'),
('Lin Jun Jie'),
('Ng Rui En'),
('Teo Jia Min'),
('Tin Shu Qi'),
('Lai Xuan Ming'),
('Lai Xuan Ming');

INSERT INTO Shiokee.Shop(SName)
VALUES ('Harvey Norman'),
('Courts'),
('Best Denki'),
('Metro'),
('Parisilk'),
('Gain City'),
('CR Group');

INSERT INTO Shiokee.Product(PName, Maker, Category)
VALUES ('iPhone Xs', 'Apple', 'Mobile Phone'),
('iPhone 11', 'Apple', 'Mobile Phone'),
('iPhone 12', 'Apple', 'Mobile Phone'),
('Samsung Galaxy S20', 'Samsung', 'Mobile Phone'),
('Samsung Galaxy S21', 'Samsung', 'Mobile Phone'),
('Samsung Galaxy S22', 'Samsung', 'Mobile Phone'),
('Google Pixel 4', 'Google', 'Mobile Phone'),
('Google Pixel 5', 'Google', 'Mobile Phone'),
('Google Pixel 6', 'Google', 'Mobile Phone'),
('Samsung Smart TV 4K', 'Samsung', 'TV'),
('Samsung Smart TV 8K', 'Samsung', 'TV'),
('Sony Smart TV 4K', 'Sony', 'TV'),
('Sony Smart TV 8K', 'Sony', 'TV'),
('LG Smart TV 4K', 'LG', 'TV'),
('LG Smart TV 8K', 'LG', 'TV'),
('Galaxy Book', 'Samsung', 'Laptop'),
('Galaxy Book 2', 'Samsung', 'Laptop'),
('Macbook Pro 2020', 'Apple', 'Laptop'),
('Macbook Pro 2021', 'Apple', 'Laptop'),
('Dell XPS 14', 'Dell', 'Laptop'),
('Dell XPS 15', 'Dell', 'Laptop');

INSERT INTO Shiokee.Employee(EName, Salary)
VALUES ('Wu Zheng Xun', '2500'),
('Chia Jia Wen', '3000'),
('Hu Kai Hui', '2700'),
('Yeh Lin Hui', '3500'),
('Eng Yong Chang', '4000'),
('Chang Wen Ming', '3300'),
('Pan Yi Xin', '5000'),
('Qian Jia Wen', '4400'),
('Kang Ming En', '3600'),
('Liu Zhi En', '4000');

INSERT INTO Shiokee.[Order](UserID, OrderDateTime, ShippingAddress)
VALUES (13, '2021-05-07 16:08:21', '300 Greenfelder Crescent Drive'),
(1, '2021-05-23 13:13:54', 'Blk 160H Hansen Way Lane'),
(12, '2021-06-01 18:22:21', 'Blk 216D Runolfsson Road Crescent'),
(15, '2021-06-08 18:21:47', 'Blk 701A Pagac Park Hill'),
(6, '2021-06-16 10:18:23', '897 Jalan Crist Walk'),
(3, '2021-06-17 16:37:53', 'Blk 106 Stroman Lane Place'),
(4, '2021-06-18 05:30:00', 'Blk 444A Jalan Johnston Drive'),
(9, '2021-06-21 02:31:45', 'Blk 371A Fritsch Quay'),
(11, '2021-06-25 20:37:04', 'Blk 992G Metz Drive Park'),
(14, '2021-06-30 20:25:42', '209 Kuhlman Lane'),
(8, '2021-08-03 00:27:48', 'Blk 904B Harber Place Lane'),
(12, '2021-08-04 15:10:37', '380 Jalan Leffler Highway'),
(9, '2021-08-07 15:00:31', 'Blk 314B Lesch Park Crescent'),
(2, '2021-08-10 05:31:16', '606 Jalan Frami Link'),
(13, '2021-08-16 07:20:29', 'Blk 123G Jalan Hand Hill'),
(7, '2021-08-17 04:00:05', 'Blk 143H Jalan Murphy Road'),
(5, '2021-09-06 12:02:22', '37 Hermiston Hill Place '),
(10, '2021-09-26 04:50:45', 'Blk 897H Jalan Vandervort Link'),
(4, '2021-10-15 15:34:00', '71 Will Road Avenue'),
(15, '2021-11-20 07:00:46', '84 Jalan Towne Way'),
(63, '2021-07-25 06:50:56', '607 Jalan Frami Link'),
(119, '2021-08-20 16:49:49', 'Blk 123G Jalan Hand Hill'),
(265, '2021-07-30 14:57:02', 'Blk 143H Jalan Murphy Road'),
(78, '2021-08-01 01:45:44', '38 Hermiston Hill Place'),
(210, '2021-07-22 13:00:02', 'Blk 897H Jalan Vandervort Link'),
(165, '2021-08-29 09:06:56', '72 Will Road Avenue'),
(9, '2021-08-14 00:23:20', '85 Jalan Towne Way'),
(189, '2021-07-15 12:30:37', '608 Jalan Frami Link'),
(152, '2021-08-13 16:16:08', 'Blk 123G Jalan Hand Hill'),
(250, '2021-08-06 22:37:39', 'Blk 143H Jalan Murphy Road'),
(164, '2022-03-26 00:00:00', '85 Jalan Towne Way'),
(153, '2022-03-24 11:29:45', '608 Jalan Frami Link'),
(117, '2022-03-21 14:14:14', 'Blk 123G Jalan Hand Hill'),
(89, '2022-03-20 14:30:30', 'Blk 143H Jalan Murphy Road'),
(131, '2022-03-19 18:13:50', '39 Hermiston Hill Place'),
(7, '2022-03-18 13:07:49', 'Blk 897H Jalan Vandervort Link'),
(173, '2022-03-16 06:50:10', '73 Will Road Avenue'),
(96, '2022-03-13 17:42:21', '86 Jalan Towne Way'),
(251, '2022-03-13 08:25:33', '609 Jalan Frami Link'),
(201, '2022-03-11 15:28:07', 'Blk 123G Jalan Hand Hill'),
(51, '2022-03-11 03:07:32', 'Blk 143H Jalan Murphy Road'),
(117, '2022-03-10 02:42:38', '609 Jalan Frami Link'),
(194, '2022-03-08 02:12:25', 'Blk 123G Jalan Hand Hill'),
(87, '2022-03-05 11:22:23', 'Blk 143H Jalan Murphy Road'),
(83, '2022-03-03 11:22:44', '40 Hermiston Hill Place'),
(284, '2022-03-01 00:50:46', 'Blk 897H Jalan Vandervort Link'),
(295, '2022-02-26 20:54:11', '74 Will Road Avenue'),
(105, '2022-02-24 12:16:31', '87 Jalan Towne Way'),
(137, '2022-02-23 15:16:09', '610 Jalan Frami Link'),
(31, '2022-02-22 14:34:22', 'Blk 123G Jalan Hand Hill'),
(288, '2022-02-22 05:26:36', 'Blk 143H Jalan Murphy Road'),
(250, '2022-02-20 01:40:16', '610 Jalan Frami Link'),
(82, '2022-02-18 09:21:48', 'Blk 123G Jalan Hand Hill'),
(96, '2022-02-17 03:53:40', 'Blk 143H Jalan Murphy Road'),
(255, '2022-02-16 19:47:20', '41 Hermiston Hill Place'),
(190, '2022-02-16 03:38:25', 'Blk 897H Jalan Vandervort Link'),
(275, '2022-02-14 20:12:07', '75 Will Road Avenue'),
(270, '2022-02-14 17:58:16', '88 Jalan Towne Way'),
(18, '2022-02-13 19:23:54', '611 Jalan Frami Link'),
(132, '2022-02-13 15:52:40', 'Blk 123G Jalan Hand Hill'),
(162, '2022-02-12 20:19:49', 'Blk 143H Jalan Murphy Road'),
(244, '2022-02-12 11:42:51', '611 Jalan Frami Link'),
(276, '2022-02-11 21:18:08', 'Blk 123G Jalan Hand Hill'),
(50, '2022-02-10 04:18:57', 'Blk 143H Jalan Murphy Road'),
(3, '2022-02-07 11:58:55', '42 Hermiston Hill Place'),
(237, '2022-02-04 19:09:13', 'Blk 897H Jalan Vandervort Link'),
(151, '2022-02-03 14:33:56', '76 Will Road Avenue'),
(219, '2022-02-01 05:10:24', '89 Jalan Towne Way'),
(217, '2022-02-01 02:29:36', '612 Jalan Frami Link'),
(88, '2022-01-29 09:05:55', 'Blk 123G Jalan Hand Hill'),
(10, '2022-01-28 09:13:29', 'Blk 143H Jalan Murphy Road'),
(4, '2022-01-27 08:29:59', '612 Jalan Frami Link'),
(211, '2022-01-26 17:45:42', 'Blk 123G Jalan Hand Hill'),
(258, '2022-01-25 17:46:06', 'Blk 143H Jalan Murphy Road'),
(190, '2022-01-24 18:19:12', '43 Hermiston Hill Place'),
(161, '2022-01-22 17:37:10', 'Blk 897H Jalan Vandervort Link'),
(4, '2022-01-21 23:35:32', '77 Will Road Avenue'),
(130, '2022-01-19 20:37:14', '90 Jalan Towne Way'),
(46, '2022-01-18 12:05:07', '613 Jalan Frami Link'),
(288, '2022-01-16 10:42:37', 'Blk 123G Jalan Hand Hill'),
(269, '2022-01-15 17:30:38', 'Blk 143H Jalan Murphy Road'),
(50, '2022-01-14 18:48:48', '613 Jalan Frami Link'),
(233, '2022-01-13 17:36:36', 'Blk 123G Jalan Hand Hill'),
(278, '2022-01-12 12:43:28', 'Blk 143H Jalan Murphy Road'),
(80, '2022-01-10 18:20:21', '44 Hermiston Hill Place'),
(229, '2022-01-10 06:55:34', 'Blk 897H Jalan Vandervort Link'),
(162, '2022-01-09 00:35:30', '78 Will Road Avenue'),
(162, '2022-01-07 17:26:29', '91 Jalan Towne Way'),
(217, '2022-01-07 09:05:40', '614 Jalan Frami Link'),
(252, '2022-01-05 08:05:38', 'Blk 123G Jalan Hand Hill'),
(75, '2022-01-03 07:07:40', 'Blk 143H Jalan Murphy Road'),
(83, '2022-01-01 22:34:30', '614 Jalan Frami Link'),
(101, '2021-12-30 16:03:43', 'Blk 123G Jalan Hand Hill'),
(36, '2021-12-29 13:49:35', 'Blk 143H Jalan Murphy Road'),
(173, '2021-12-26 18:41:40', '45 Hermiston Hill Place'),
(290, '2021-12-25 22:53:46', 'Blk 897H Jalan Vandervort Link'),
(123, '2021-12-23 17:01:54', '79 Will Road Avenue'),
(256, '2021-12-23 05:36:09', '92 Jalan Towne Way'),
(96, '2021-12-21 21:19:33', '615 Jalan Frami Link'),
(49, '2021-12-19 08:31:11', 'Blk 123G Jalan Hand Hill'),
(296, '2021-12-18 13:25:12', 'Blk 143H Jalan Murphy Road'),
(96, '2021-12-17 07:32:53', '615 Jalan Frami Link'),
(262, '2021-12-15 21:44:10', 'Blk 123G Jalan Hand Hill'),
(163, '2021-12-13 10:03:15', 'Blk 143H Jalan Murphy Road'),
(260, '2021-12-13 03:26:08', '46 Hermiston Hill Place'),
(171, '2021-12-12 11:31:08', 'Blk 897H Jalan Vandervort Link'),
(39, '2021-12-11 03:34:03', '80 Will Road Avenue'),
(129, '2021-12-10 10:06:03', '93 Jalan Towne Way'),
(203, '2021-12-10 07:39:06', '616 Jalan Frami Link'),
(33, '2021-12-09 08:08:24', 'Blk 123G Jalan Hand Hill'),
(285, '2021-12-08 12:15:58', 'Blk 143H Jalan Murphy Road'),
(196, '2021-12-08 07:39:05', '616 Jalan Frami Link'),
(201, '2021-12-07 11:52:22', 'Blk 123G Jalan Hand Hill'),
(6, '2021-12-06 17:56:03', 'Blk 143H Jalan Murphy Road'),
(187, '2021-12-04 03:35:26', '47 Hermiston Hill Place'),
(46, '2021-12-01 04:38:57', 'Blk 897H Jalan Vandervort Link'),
(163, '2021-11-28 17:15:48', '81 Will Road Avenue'),
(187, '2021-11-26 11:50:40', '94 Jalan Towne Way'),
(102, '2021-11-26 09:46:28', '617 Jalan Frami Link'),
(41, '2021-11-25 01:04:53', '618 Jalan Frami Link');

INSERT INTO Shiokee.Product_in_shop(PName, SName, SPID, SPrice, SQuantity)
VALUES ('iPhone Xs', 'Harvey Norman', 1, 800, 28),
('iPhone 11', 'Harvey Norman', 2, 1000, 5),
('iPhone 12', 'Harvey Norman', 3, 1200, 26),
('Samsung Galaxy S20', 'Harvey Norman', 4, 800, 5),
('Samsung Galaxy S21', 'Harvey Norman', 5, 1000, 21),
('Samsung Galaxy S22', 'Harvey Norman', 6, 1200, 7),
('Google Pixel 4', 'Harvey Norman', 7, 500, 5),
('Google Pixel 5', 'Harvey Norman', 8, 700, 8),
('Google Pixel 6', 'Harvey Norman', 9, 900, 7),
('Samsung Smart TV 4K', 'Harvey Norman', 10, 2000, 5),
('Samsung Smart TV 8K', 'Harvey Norman', 11, 4000, 16),
('Sony Smart TV 4K', 'Harvey Norman', 12, 1500, 5),
('Sony Smart TV 8K', 'Harvey Norman', 13, 3000, 10),
('LG Smart TV 4K', 'Harvey Norman', 14, 1700, 8),
('LG Smart TV 8K', 'Harvey Norman', 15, 4200, 29),
('Galaxy Book', 'Harvey Norman', 16, 600, 5),
('Galaxy Book 2', 'Harvey Norman', 17, 900, 7),
('Macbook Pro 2020', 'Harvey Norman', 18, 1800, 10),
('Macbook Pro 2021', 'Harvey Norman', 19, 2200, 5),
('Dell XPS 14', 'Harvey Norman', 20, 1800, 26),
('Dell XPS 15', 'Harvey Norman', 21, 2100, 5),
('iPhone Xs', 'Courts', 1, 700, 10),
('iPhone 11', 'Courts', 2, 900, 8),
('iPhone 12', 'Courts', 3, 1100, 22),
('Samsung Galaxy S20', 'Courts', 4, 900, 5),
('Samsung Galaxy S21', 'Courts', 5, 1050, 26),
('Google Pixel 4', 'Courts', 6, 450, 15),
('Google Pixel 6', 'Courts', 7, 750, 10),
('Samsung Smart TV 4K', 'Courts', 8, 1800, 23),
('Sony Smart TV 4K', 'Courts', 9, 1700, 5),
('Sony Smart TV 8K', 'Courts', 10, 3300, 15),
('LG Smart TV 8K', 'Courts', 11, 4000, 10),
('Galaxy Book', 'Courts', 12, 700, 18),
('Galaxy Book 2', 'Courts', 13, 1000, 17),
('Macbook Pro 2021', 'Courts', 14, 1700, 10),
('Dell XPS 14', 'Courts', 15, 2000, 5),
('iPhone 11', 'Best Denki', 1, 950, 19),
('iPhone 12', 'Best Denki', 2, 1350, 10),
('Samsung Galaxy S21', 'Best Denki', 3, 1200, 21),
('Samsung Galaxy S22', 'Best Denki', 4, 1400, 10),
('Google Pixel 4', 'Best Denki', 5, 430, 5),
('Google Pixel 5', 'Best Denki', 6, 670, 22),
('Google Pixel 6', 'Best Denki', 7, 840, 12),
('Samsung Smart TV 8K', 'Best Denki', 8, 4200, 5),
('Sony Smart TV 4K', 'Best Denki', 9, 1700, 16),
('Sony Smart TV 8K', 'Best Denki', 10, 2700, 21),
('LG Smart TV 4K', 'Best Denki', 11, 2000, 7),
('LG Smart TV 8K', 'Best Denki', 12, 3900, 5),
('Galaxy Book', 'Best Denki', 13, 680, 12),
('Galaxy Book 2', 'Best Denki', 14, 860, 14),
('Macbook Pro 2021', 'Best Denki', 15, 2150, 15),
('Dell XPS 14', 'Best Denki', 16, 2000, 7),
('Dell XPS 15', 'Best Denki', 17, 2200, 21),
('iPhone Xs', 'Metro', 1, 600, 20),
('iPhone 11', 'Metro', 2, 900, 24),
('iPhone 12', 'Metro', 3, 1250, 15),
('Samsung Galaxy S20', 'Metro', 4, 900, 7),
('Samsung Galaxy S22', 'Metro', 5, 1300, 15),
('Google Pixel 4', 'Metro', 6, 550, 5),
('Google Pixel 5', 'Metro', 7, 750, 15),
('Google Pixel 6', 'Metro', 8, 950, 16),
('Samsung Smart TV 4K', 'Metro', 9, 1800, 5),
('Samsung Smart TV 8K', 'Metro', 10, 3600, 13),
('Sony Smart TV 4K', 'Metro', 11, 1700, 16),
('LG Smart TV 4K', 'Metro', 12, 1900, 19),
('LG Smart TV 8K', 'Metro', 13, 4100, 20),
('Galaxy Book', 'Metro', 14, 700, 16),
('Galaxy Book 2', 'Metro', 15, 950, 5),
('Macbook Pro 2020', 'Metro', 16, 1850, 22),
('Dell XPS 14', 'Metro', 17, 2000, 15),
('Dell XPS 15', 'Metro', 18, 2200, 8),
('Samsung Galaxy S20', 'Parisilk', 1, 700, 10),
('Samsung Galaxy S21', 'Parisilk', 2, 900, 5),
('Samsung Galaxy S22', 'Parisilk', 3, 1050, 10),
('Google Pixel 4', 'Parisilk', 4, 450, 8),
('Google Pixel 5', 'Parisilk', 5, 650, 14),
('Google Pixel 6', 'Parisilk', 6, 820, 8),
('Samsung Smart TV 4K', 'Parisilk', 7, 2300, 16),
('Samsung Smart TV 8K', 'Parisilk', 8, 4500, 5),
('LG Smart TV 4K', 'Parisilk', 9, 1600, 21),
('LG Smart TV 8K', 'Parisilk', 10, 3700, 17),
('Macbook Pro 2020', 'Parisilk', 11, 1750, 26),
('Macbook Pro 2021', 'Parisilk', 12, 2000, 8),
('Dell XPS 14', 'Parisilk', 13, 1750, 16),
('Dell XPS 15', 'Parisilk', 14, 2050, 5),
('Google Pixel 4', 'Gain City', 1, 550, 23),
('Google Pixel 5', 'Gain City', 2, 720, 5),
('Google Pixel 6', 'Gain City', 3, 880, 15),
('Samsung Smart TV 4K', 'Gain City', 4, 1900, 8),
('Samsung Smart TV 8K', 'Gain City', 5, 3750, 17),
('Sony Smart TV 4K', 'Gain City', 6, 1800, 5),
('Sony Smart TV 8K', 'Gain City', 7, 2800, 10),
('LG Smart TV 4K', 'Gain City', 8, 1650, 15),
('Galaxy Book 2', 'Gain City', 9, 1000, 5),
('Macbook Pro 2020', 'Gain City', 10, 1900, 10),
('Macbook Pro 2021', 'Gain City', 11, 2140, 20),
('Dell XPS 14', 'Gain City', 12, 1950, 5),
('Dell XPS 15', 'Gain City', 13, 2270, 8),
('Samsung Galaxy S21', 'CR Group', 1, 1160, 7),
('Samsung Galaxy S22', 'CR Group', 2, 1400, 5),
('Sony Smart TV 8K', 'CR Group', 3, 2900, 10),
('LG Smart TV 4K', 'CR Group', 4, 1650, 5),
('LG Smart TV 8K', 'CR Group', 5, 4020, 20),
('Galaxy Book', 'CR Group', 6, 500, 5),
('Galaxy Book 2', 'CR Group', 7, 820, 8),
('Macbook Pro 2020', 'CR Group', 8, 1700, 10),
('Macbook Pro 2021', 'CR Group', 9, 2000, 5),
('Dell XPS 14', 'CR Group', 10, 1600, 10),
('Dell XPS 15', 'CR Group', 11, 1980, 5);

INSERT INTO Shiokee.Product_in_order(PName, SName, OPID, OPrice, OQuantity, OStatus, DeliveryDate, OrderID)

VALUES ('iPhone Xs', 'Harvey Norman', 1, 800, 3, 'being processed', NULL, 1),
('iPhone 11', 'Harvey Norman', 2, 1000, 1, 'shipped', NULL, 1),
('iPhone 12', 'Harvey Norman', 3, 1200, 3, 'delivered', '2021-05-10 12:25:47', 1),
('Samsung Galaxy S20', 'Harvey Norman', 1, 800, 3, 'returned', '2021-05-28 15:20:26', 2),
('Samsung Galaxy S21', 'Courts', 2, 1050, 3, 'being processed', NULL, 2),
('Google Pixel 4', 'Courts', 3, 450, 2, 'shipped', NULL, 2),
('Google Pixel 4', 'Courts', 1, 450, 1, 'delivered', '2021-06-03 14:11:48', 3),
('Sony Smart TV 4K', 'Courts', 2, 1700, 2, 'returned', '2021-06-05 00:21:36', 3),
('Google Pixel 6', 'Courts', 3, 750, 2, 'being processed', NULL, 3),
('Sony Smart TV 4K', 'Best Denki', 1, 1700, 1, 'shipped', NULL, 4),
('Samsung Smart TV 8K', 'Best Denki', 2, 4200, 1, 'delivered', '2021-06-12 00:38:44', 4),
('Sony Smart TV 4K', 'Best Denki', 1, 1700, 1, 'returned', '2021-06-18 23:24:07', 5),
('Sony Smart TV 8K', 'Best Denki', 2, 2700, 3, 'being processed', NULL, 5),
('LG Smart TV 4K', 'Metro', 3, 1900, 1, 'shipped', NULL, 5),
('LG Smart TV 8K', 'Metro', 4, 4100, 2, 'delivered', '2021-06-17 05:39:32', 5),
('Galaxy Book', 'Metro', 5, 700, 2, 'returned', '2021-06-21 07:53:33', 5),
('Galaxy Book 2', 'Metro', 1, 950, 3, 'being processed', NULL, 6),
('Macbook Pro 2020', 'Metro', 2, 1850, 3, 'shipped', NULL, 6),
('Macbook Pro 2021', 'Parisilk', 3, 2000, 2, 'delivered', '2021-06-19 23:29:09', 6),
('Dell XPS 14', 'Parisilk', 1, 1750, 1, 'returned', '2021-06-18 13:00:04', 7),
('Dell XPS 15', 'Parisilk', 2, 2050, 1, 'being processed', NULL, 7),
('Google Pixel 4', 'Parisilk', 3, 450, 3, 'shipped', NULL, 7),
('Google Pixel 5', 'Parisilk', 1, 650, 3, 'delivered', '2021-06-21 18:04:33', 8),
('Google Pixel 6', 'Parisilk', 2, 820, 2, 'returned', '2021-06-27 15:44:03', 8),
('Samsung Smart TV 8K', 'Gain City', 3, 3750, 1, 'being processed', NULL, 8),
('Sony Smart TV 4K', 'Gain City', 1, 1800, 3, 'shipped', NULL, 9),
('Sony Smart TV 8K', 'Gain City', 2, 2800, 2, 'delivered', '2021-06-28 03:29:24', 9),
('Macbook Pro 2020', 'Gain City', 1, 1900, 3, 'returned', '2021-07-01 20:34:50', 10),
('Galaxy Book', 'CR Group', 2, 500, 2, 'being processed', NULL, 10),
('Galaxy Book 2', 'CR Group', 1, 820, 3, 'shipped', NULL, 11),
('Samsung Galaxy S21', 'CR Group', 2, 1160, 1, 'delivered', '2021-08-08 11:21:14', 11),
('Samsung Galaxy S22', 'CR Group', 3, 1400, 3, 'returned', '2021-08-09 12:26:19', 11),
('LG Smart TV 4K', 'CR Group', 1, 1650, 3, 'being processed', NULL, 12),
('Sony Smart TV 8K', 'CR Group', 2, 2900, 2, 'shipped', NULL, 12),
('LG Smart TV 4K', 'CR Group', 1, 1650, 3, 'delivered', '2021-08-07 20:07:23', 13),
('LG Smart TV 8K', 'Harvey Norman', 2, 4200, 3, 'returned', '2021-08-14 06:11:21', 13),
('Galaxy Book', 'Harvey Norman', 3, 600, 2, 'being processed', NULL, 13),
('Galaxy Book 2', 'Harvey Norman', 1, 900, 1, 'shipped', NULL, 14),
('Macbook Pro 2020', 'Harvey Norman', 1, 1800, 2, 'delivered', '2021-08-22 05:49:34', 15),
('Macbook Pro 2021', 'Harvey Norman', 2, 2200, 1, 'returned', '2021-08-16 07:50:04', 15),
('Galaxy Book', 'Courts', 3, 700, 3, 'being processed', NULL, 15),
('Galaxy Book 2', 'Courts', 4, 1000, 2, 'shipped', NULL, 15),
('iPhone Xs', 'Courts', 5, 700, 1, 'delivered', '2021-08-22 20:25:38', 15),
('iPhone 11', 'Courts', 1, 900, 2, 'returned', '2021-08-18 23:36:39', 16),
('iPhone 12', 'Best Denki', 2, 1350, 1, 'being processed', NULL, 16),
('Samsung Smart TV 8K', 'Best Denki', 3, 4200, 1, 'shipped', NULL, 16),
('Samsung Galaxy S21', 'Best Denki', 1, 1200, 1, 'delivered', '2021-09-11 03:30:34', 17),
('Samsung Galaxy S22', 'Best Denki', 2, 1400, 1, 'returned', '2021-09-08 21:35:22', 17),
('Google Pixel 4', 'Metro', 1, 550, 3, 'being processed', NULL, 18),
('Google Pixel 5', 'Metro', 2, 750, 3, 'shipped', NULL, 18),
('Google Pixel 6', 'Metro', 3, 950, 1, 'delivered', '2021-10-01 09:58:26', 18),
('Samsung Smart TV 4K', 'Parisilk', 1, 1900, 2, 'returned', '2021-10-19 22:55:53', 19),
('Samsung Smart TV 8K', 'Parisilk', 2, 3750, 3, 'being processed', NULL, 19),
('Sony Smart TV 4K', 'Gain City', 3, 1800, 2, 'shipped', NULL, 19),
('Sony Smart TV 8K', 'Gain City', 1, 2800, 2, 'delivered', '2021-11-23 21:36:33', 20),
('Google Pixel 6', 'CR Group', 1, 1900, 2, 'delivered', '2021-07-07 18:37:34', 21),
('LG Smart TV 4K', 'Best Denki', 1, 1300, 3, 'delivered', '2021-08-22 06:04:33', 22),
('Galaxy Book', 'Gain City', 1, 2900, 3, 'delivered', '2021-08-18 18:15:54', 23),
('Dell XPS 14', 'Metro', 1, 2300, 3, 'delivered', '2021-07-01 02:27:10', 24),
('Sony Smart TV 8K', 'Metro', 1, 1300, 3, 'delivered', '2021-08-25 15:16:45', 25),
('LG Smart TV 4K', 'Parisilk', 1, 2100, 1, 'delivered', '2021-08-28 08:51:25', 26),
('Samsung Smart TV 8K', 'Best Denki', 1, 1200, 3, 'delivered', '2021-08-08 17:35:34', 27),
('Sony Smart TV 4K', 'Best Denki', 1, 1400, 3, 'delivered', '2021-08-21 23:06:20', 28),
('Samsung Galaxy S21', 'Courts', 1, 1500, 2, 'delivered', '2021-08-17 15:29:25', 29),
('Google Pixel 5', 'Courts', 1, 2000, 3, 'delivered', '2021-08-03 06:15:01', 30),
('Google Pixel 4', 'Best Denki', 2, 1800, 2, 'delivered', '2021-07-08 15:47:07', 21),
('Google Pixel 4', 'Metro', 2, 1600, 2, 'delivered', '2021-08-05 08:02:59', 22),
('Google Pixel 4', 'Gain City', 2, 2700, 1, 'delivered', '2021-08-22 21:02:14', 23),
('Google Pixel 4', 'CR Group', 2, 2500, 1, 'delivered', '2021-08-05 09:14:48', 24),
('Google Pixel 4', 'CR Group', 2, 2800, 3, 'delivered', '2021-07-15 06:59:15', 25),
('Google Pixel 4', 'Gain City', 2, 1900, 2, 'delivered', '2021-08-02 16:51:00', 26),
('Google Pixel 4', 'Metro', 2, 2900, 2, 'delivered', '2021-07-06 04:32:06', 27),
('Google Pixel 4', 'Courts', 2, 2700, 1, 'delivered', '2021-07-29 07:13:55', 28),
('Google Pixel 4', 'Metro', 2, 1200, 2, 'delivered', '2021-08-19 20:39:08', 29),
('Google Pixel 4', 'Harvey Norman', 2, 2100, 3, 'delivered', '2021-08-06 22:37:28', 30),
('iPhone 11', 'Metro', 1, 4800, 9, 'delivered', '2022-03-28 06:41:32', 31),
('Galaxy Book', 'Courts', 1, 1400, 3, 'delivered', '2022-03-30 06:17:38', 32),
('LG Smart TV 4K', 'Best Denki', 1, 8600, 8, 'delivered', '2022-03-23 12:35:07', 33),
('Galaxy Book', 'Best Denki', 1, 9100, 4, 'delivered', '2022-03-23 04:22:07', 34),
('Macbook Pro 2020', 'Best Denki', 1, 8600, 2, 'delivered', '2022-03-27 19:32:26', 35),
('Dell XPS 14', 'Courts', 1, 4400, 3, 'delivered', '2022-03-25 13:21:03', 36),
('Dell XPS 14', 'Parisilk', 1, 8500, 7, 'delivered', '2022-03-20 15:44:11', 37),
('Samsung Galaxy S21', 'Best Denki', 1, 4700, 8, 'delivered', '2022-03-16 19:42:48', 38),
('Samsung Smart TV 8K', 'Courts', 1, 2200, 7, 'delivered', '2022-03-18 04:52:13', 39),
('Samsung Galaxy S21', 'Harvey Norman', 1, 2600, 9, 'delivered', '2022-03-17 18:33:34', 40),
('Macbook Pro 2020', 'Gain City', 1, 8700, 9, 'delivered', '2022-03-19 01:14:51', 41),
('Dell XPS 15', 'Harvey Norman', 1, 9700, 6, 'delivered', '2022-03-14 14:19:46', 42),
('Galaxy Book', 'Harvey Norman', 1, 5100, 5, 'delivered', '2022-03-14 14:23:33', 43),
('Google Pixel 5', 'Metro', 1, 6500, 1, 'delivered', '2022-03-09 11:52:32', 44),
('Macbook Pro 2020', 'Parisilk', 1, 1200, 8, 'delivered', '2022-03-13 11:26:49', 45),
('Samsung Galaxy S22', 'Metro', 1, 3700, 2, 'delivered', '2022-03-06 11:02:16', 46),
('Galaxy Book 2', 'Parisilk', 1, 6800, 10, 'delivered', '2022-03-06 13:35:51', 47),
('Sony Smart TV 8K', 'Best Denki', 1, 6700, 1, 'delivered', '2022-03-04 22:11:30', 48),
('Samsung Galaxy S22', 'Parisilk', 1, 9900, 4, 'delivered', '2022-03-09 21:14:01', 49),
('Google Pixel 4', 'Gain City', 1, 8700, 6, 'delivered', '2022-03-02 04:48:05', 50),
('Galaxy Book 2', 'Metro', 1, 3700, 4, 'delivered', '2022-03-02 05:08:36', 51),
('iPhone 12', 'Harvey Norman', 1, 1200, 6, 'delivered', '2022-03-03 03:11:15', 52),
('Samsung Smart TV 4K', 'Harvey Norman', 1, 2100, 10, 'delivered', '2022-02-25 18:14:44', 53),
('Samsung Smart TV 8K', 'Harvey Norman', 1, 2000, 4, 'delivered', '2022-02-23 23:33:10', 54),
('Macbook Pro 2021', 'Courts', 1, 7400, 10, 'delivered', '2022-02-26 07:54:23', 55),
('Google Pixel 6', 'Parisilk', 1, 6800, 1, 'delivered', '2022-02-25 21:06:28', 56),
('Google Pixel 6', 'Gain City', 1, 2800, 5, 'delivered', '2022-02-20 14:47:00', 57),
('Samsung Galaxy S21', 'Courts', 1, 9100, 5, 'delivered', '2022-02-25 03:11:04', 58),
('Samsung Galaxy S21', 'Metro', 1, 9300, 7, 'delivered', '2022-02-18 07:17:38', 59),
('LG Smart TV 4K', 'Metro', 1, 2900, 7, 'delivered', '2022-02-22 05:45:50', 60),
('LG Smart TV 8K', 'Metro', 1, 1100, 4, 'delivered', '2022-02-21 01:46:18', 61),
('Macbook Pro 2020', 'Courts', 1, 9800, 9, 'delivered', '2022-02-16 18:27:51', 62),
('Samsung Galaxy S21', 'Gain City', 1, 2400, 5, 'delivered', '2022-02-16 16:10:09', 63),
('Macbook Pro 2020', 'CR Group', 1, 3400, 5, 'delivered', '2022-02-17 22:47:50', 64),
('Samsung Smart TV 4K', 'Gain City', 1, 4100, 1, 'delivered', '2022-02-10 11:56:13', 65),
('Samsung Smart TV 4K', 'CR Group', 1, 3400, 8, 'delivered', '2022-02-10 03:23:59', 66),
('Sony Smart TV 4K', 'CR Group', 1, 6700, 6, 'delivered', '2022-02-07 10:33:31', 67),
('iPhone 12', 'CR Group', 1, 5300, 2, 'delivered', '2022-02-07 20:49:28', 68),
('Dell XPS 14', 'Harvey Norman', 1, 6000, 8, 'delivered', '2022-02-10 02:54:16', 69),
('Samsung Galaxy S21', 'Gain City', 1, 2900, 9, 'delivered', '2022-02-06 06:43:17', 70),
('Samsung Galaxy S22', 'Metro', 1, 4200, 2, 'delivered', '2022-02-06 05:16:06', 71),
('Google Pixel 6', 'Courts', 1, 4700, 8, 'delivered', '2022-02-01 08:30:05', 72),
('Samsung Smart TV 4K', 'CR Group', 1, 9400, 10, 'delivered', '2022-01-28 04:01:14', 73),
('LG Smart TV 4K', 'Best Denki', 1, 5000, 4, 'delivered', '2022-01-26 15:36:36', 74),
('LG Smart TV 8K', 'Harvey Norman', 1, 6200, 8, 'delivered', '2022-01-25 18:32:31', 75),
('Samsung Galaxy S22', 'Metro', 1, 3000, 4, 'delivered', '2022-01-23 18:49:23', 76),
('Google Pixel 4', 'Metro', 1, 9300, 3, 'delivered', '2022-01-20 16:23:55', 77),
('Sony Smart TV 4K', 'CR Group', 1, 5600, 6, 'delivered', '2022-01-20 06:37:41', 78),
('iPhone 12', 'Parisilk', 1, 6700, 1, 'delivered', '2022-01-20 17:01:45', 79),
('Google Pixel 4', 'Harvey Norman', 1, 8300, 7, 'delivered', '2022-01-16 00:04:35', 80),
('Google Pixel 5', 'CR Group', 1, 7400, 5, 'delivered', '2022-01-16 20:59:01', 81),
('Samsung Smart TV 4K', 'Courts', 1, 9600, 6, 'delivered', '2022-01-19 05:56:59', 82),
('Samsung Galaxy S20', 'Gain City', 1, 5000, 1, 'delivered', '2022-01-18 07:31:50', 83),
('Samsung Smart TV 4K', 'Metro', 1, 2700, 1, 'delivered', '2022-01-14 09:49:50', 84),
('iPhone 11', 'Metro', 1, 7900, 2, 'delivered', '2022-01-14 17:19:05', 85),
('Samsung Galaxy S22', 'Parisilk', 1, 7300, 10, 'delivered', '2022-01-13 20:30:56', 86),
('Dell XPS 15', 'CR Group', 1, 3100, 6, 'delivered', '2022-01-12 13:18:41', 87),
('Google Pixel 4', 'Harvey Norman', 1, 4200, 2, 'delivered', '2022-01-14 15:08:25', 88),
('Galaxy Book', 'CR Group', 1, 4400, 2, 'delivered', '2022-01-07 17:09:52', 89),
('Sony Smart TV 8K', 'Parisilk', 1, 5200, 6, 'delivered', '2022-01-05 20:33:27', 90),
('Samsung Smart TV 8K', 'Best Denki', 1, 7900, 7, 'delivered', '2022-01-07 15:09:42', 91),
('iPhone 12', 'Courts', 1, 9300, 2, 'delivered', '2022-01-08 13:47:08', 92),
('Samsung Galaxy S20', 'Best Denki', 1, 7600, 5, 'delivered', '2021-12-31 19:13:06', 93),
('Google Pixel 5', 'Metro', 1, 4600, 9, 'delivered', '2022-01-04 19:08:56', 94),
('Macbook Pro 2020', 'CR Group', 1, 9600, 8, 'delivered', '2021-12-31 21:53:07', 95),
('LG Smart TV 8K', 'Metro', 1, 3100, 8, 'delivered', '2022-01-01 02:51:39', 96),
('Samsung Galaxy S20', 'Harvey Norman', 1, 7800, 2, 'delivered', '2022-01-03 04:48:47', 97),
('LG Smart TV 4K', 'Courts', 1, 1800, 1, 'delivered', '2021-12-28 20:57:34', 98),
('Google Pixel 5', 'Courts', 1, 6700, 3, 'delivered', '2021-12-25 00:29:01', 99),
('LG Smart TV 4K', 'Parisilk', 1, 3900, 9, 'delivered', '2021-12-24 23:20:47', 100),
('Macbook Pro 2020', 'CR Group', 1, 7600, 1, 'delivered', '2021-12-26 18:46:30', 101),
('iPhone 11', 'Gain City', 1, 6800, 9, 'delivered', '2021-12-25 19:16:45', 102),
('Sony Smart TV 4K', 'Metro', 1, 2600, 2, 'delivered', '2021-12-23 05:59:16', 103),
('Samsung Smart TV 8K', 'Best Denki', 1, 8200, 4, 'delivered', '2021-12-17 09:29:26', 104),
('Google Pixel 6', 'Harvey Norman', 1, 2200, 4, 'delivered', '2021-12-17 05:26:26', 105),
('Samsung Galaxy S21', 'Gain City', 1, 6500, 6, 'delivered', '2021-12-14 14:35:15', 106),
('Galaxy Book 2', 'Courts', 1, 5100, 5, 'delivered', '2021-12-11 11:39:51', 107),
('Samsung Galaxy S22', 'Harvey Norman', 1, 2100, 5, 'delivered', '2021-12-12 16:49:20', 108),
('iPhone Xs', 'Harvey Norman', 1, 10000, 1, 'delivered', '2021-12-10 12:18:30', 109),
('Galaxy Book 2', 'Metro', 1, 1200, 1, 'delivered', '2021-12-10 04:31:09', 110),
('Galaxy Book 2', 'Parisilk', 1, 2900, 4, 'delivered', '2021-12-02 15:11:26', 111),
('LG Smart TV 8K', 'Gain City', 1, 2500, 9, 'delivered', '2021-12-03 19:30:12', 112),
('LG Smart TV 4K', 'Courts', 1, 10000, 10, 'delivered', '2021-11-29 07:49:03', 113),
('Google Pixel 6', 'Best Denki', 1, 8700, 4, 'delivered', '2021-11-30 08:59:03', 114),
('Google Pixel 6', 'Metro', 1, 8900, 1, 'delivered', '2021-11-27 04:21:52', 115),
('Samsung Smart TV 4K', 'Parisilk', 1, 4800, 4, 'delivered', '2021-11-30 19:24:55', 116),
('Google Pixel 6', 'Metro', 1, 8700, 1, 'delivered', '2021-11-28 00:24:16', 117),
('Dell XPS 15', 'CR Group', 1, 1900, 3, 'delivered', '2021-11-26 16:26:53', 118),
('Sony Smart TV 4K', 'Parisilk', 1, 3000, 7, 'delivered', '2021-11-20 05:57:57', 119),
('Google Pixel 6', 'Best Denki', 1, 8900, 4, 'delivered', '2021-11-20 10:56:13', 120);

INSERT INTO Shiokee.Complaint(FiledDateTime, ComplaintStatus, ComplaintText, UserID, EID, HandledDateTime)
VALUES ('2021-05-08 01:18:16', 'pending', 'bad', 11, 8, '2021-05-11 00:05:06'),
('2021-06-09 06:00:57', 'being handled', 'bad', 8, 10, '2021-06-10 19:56:27'),
('2021-06-30 22:54:14', 'addressed', 'bad', 1, 3, '2021-07-03 10:28:48'),
('2021-07-04 17:42:54', 'pending', 'bad', 8, 8, '2021-07-06 06:47:18'),
('2021-07-06 11:04:43', 'being handled', 'bad', 15, 6, '2021-07-08 15:28:31'),
('2021-06-23 16:30:58', 'addressed', 'bad', 7, 1, '2021-06-26 02:52:17'),
('2021-07-14 21:50:33', 'pending', 'bad', 8, 1, '2021-07-17 00:49:58'),
('2021-06-27 06:05:13', 'being handled', 'bad', 11, 10, '2021-06-28 17:02:28'),
('2021-06-27 13:43:39', 'addressed', 'bad', 2, 4, '2021-06-28 01:51:11'),
('2021-07-11 15:15:01', 'pending', 'bad', 15, 5, '2021-07-11 17:55:35'),
('2021-08-23 01:57:15', 'being handled', 'bad', 14, 9, '2021-08-25 05:54:45'),
('2021-08-05 14:48:37', 'addressed', 'bad', 7, 6, '2021-08-06 08:00:46'),
('2021-08-24 14:49:40', 'pending', 'bad', 3, 6, '2021-08-25 14:53:01'),
('2021-08-25 09:50:47', 'being handled', 'bad', 9, 5, '2021-08-28 04:28:06'),
('2021-09-08 21:31:37', 'addressed', 'bad', 13, 10, '2021-09-11 02:06:46'),
('2021-09-13 15:55:17', 'pending', 'bad', 15, 3, '2021-09-13 18:07:03'),
('2021-09-30 13:51:42', 'being handled', 'bad', 13, 2, '2021-10-01 22:02:52'),
('2021-10-20 07:47:38', 'addressed', 'bad', 13, 4, '2021-10-22 14:36:52'),
('2021-10-30 13:35:29', 'pending', 'bad', 13, 1, '2021-11-01 13:25:37'),
('2021-11-22 07:10:10', 'being handled', 'bad', 5, NULL, NULL);

INSERT INTO Shiokee.Complaint_on_shop(CID, SName)
VALUES (1, 'Harvey Norman'),
(2, 'Courts'),
(3, 'Best Denki'),
(4, 'Metro'),
(5, 'Parisilk'),
(6, 'Gain City'),
(7, 'CR Group'),
(8, 'Harvey Norman'),
(9, 'Courts'),
(10, 'Best Denki');

INSERT INTO Shiokee.Complaint_on_order(CID, OrderID)
VALUES (11, 11),
(12, 12),
(13, 13),
(14, 14),
(15, 15),
(16, 16),
(17, 17),
(18, 18),
(19, 19),
(20, 20);

INSERT INTO Shiokee.Price_history(PName, SName, StartDate, EndDate, Price)
VALUES ('iPhone Xs', 'Harvey Norman', '2021-08-01', '2021-08-11', 1145),
('iPhone Xs', 'Harvey Norman', '2021-08-12', '2021-08-23', 1159),
('iPhone Xs', 'Harvey Norman', '2021-08-24', '2021-08-29', 1086),
('iPhone Xs', 'Harvey Norman', '2021-08-30', '2021-09-09', 1088),
('iPhone Xs', 'Harvey Norman', '2021-09-10', '2021-09-19', 1028),
('iPhone Xs', 'Harvey Norman', '2021-09-20', '2021-09-21', 1183);

INSERT INTO Shiokee.Feedback(UserID, OrderID, SName, PName, FDateTime, Rating, Comment)
VALUES (142, 4, 'Harvey Norman', 'iPhone 12', '2021-07-31 15:30:49', 5, NULL),
(52, 15, 'Parisilk', 'iPhone Xs', '2021-07-31 16:32:05', 5, NULL),
(238, 8, 'Metro', 'Samsung Galaxy S21', '2021-07-31 16:34:39', 4, NULL),
(249, 14, 'Courts', 'Samsung Galaxy S21', '2021-07-31 17:56:00', 5, NULL),
(258, 8, 'Courts', 'Samsung Galaxy S20', '2021-07-31 19:08:22', 5, NULL),
(89, 5, 'CR Group', 'iPhone Xs', '2021-07-31 20:45:00', 4, NULL),
(274, 1, 'Parisilk', 'iPhone Xs', '2021-07-31 20:51:05', 5, NULL),
(35, 16, 'Harvey Norman', 'Samsung Galaxy S20', '2021-07-31 23:07:36', 5, NULL),
(179, 18, 'Best Denki', 'iPhone Xs', '2021-07-31 23:12:48', 5, NULL),
(92, 15, 'Courts', 'iPhone Xs', '2021-08-01 01:11:20', 4, NULL),
(117, 8, 'Harvey Norman', 'iPhone 12', '2021-08-01 01:38:34', 5, NULL),
(81, 15, 'CR Group', 'iPhone Xs', '2021-08-01 03:39:32', 5, NULL),
(166, 9, 'Harvey Norman', 'Samsung Galaxy S20', '2021-08-01 05:34:36', 5, NULL),
(121, 3, 'Best Denki', 'iPhone Xs', '2021-08-01 05:36:25', 5, NULL),
(60, 19, 'Gain City', 'Samsung Galaxy S20', '2021-08-01 06:01:42', 4, NULL),
(266, 12, 'Harvey Norman', 'iPhone 11', '2021-08-01 07:49:05', 4, NULL),
(88, 2, 'Gain City', 'iPhone 11', '2021-08-01 09:06:11', 4, NULL),
(270, 2, 'CR Group', 'Samsung Galaxy S21', '2021-08-01 11:29:28', 5, NULL),
(18, 5, 'Metro', 'iPhone 12', '2021-08-01 13:17:34', 4, NULL),
(185, 9, 'Best Denki', 'Samsung Galaxy S20', '2021-08-01 14:00:42', 5, NULL),
(124, 9, 'CR Group', 'Samsung Galaxy S21', '2021-08-01 16:03:54', 4, NULL),
(28, 4, 'CR Group', 'Samsung Galaxy S20', '2021-08-01 16:21:18', 5, NULL),
(179, 16, 'Harvey Norman', 'iPhone 11', '2021-08-01 17:46:40', 4, NULL),
(194, 2, 'Parisilk', 'iPhone 11', '2021-08-01 19:57:02', 5, NULL),
(254, 5, 'Best Denki', 'Samsung Galaxy S20', '2021-08-01 20:53:15', 5, NULL),
(91, 10, 'Best Denki', 'iPhone Xs', '2021-08-01 23:07:04', 5, NULL),
(82, 12, 'Courts', 'Samsung Galaxy S21', '2021-08-02 00:38:26', 4, NULL),
(85, 3, 'Metro', 'Samsung Galaxy S21', '2021-08-02 00:58:47', 4, NULL),
(260, 10, 'Gain City', 'Samsung Galaxy S21', '2021-08-02 02:26:58', 5, NULL),
(230, 17, 'Best Denki', 'Samsung Galaxy S21', '2021-08-02 03:28:03', 4, NULL),
(153, 9, 'Gain City', 'iPhone 12', '2021-08-02 05:44:47', 5, NULL),
(82, 20, 'CR Group', 'Samsung Galaxy S21', '2021-08-02 06:31:08', 5, NULL),
(215, 3, 'Metro', 'Samsung Galaxy S20', '2021-08-02 07:02:03', 4, NULL),
(266, 20, 'Best Denki', 'Samsung Galaxy S20', '2021-08-02 09:09:12', 4, NULL),
(57, 18, 'Courts', 'iPhone Xs', '2021-08-02 11:03:53', 4, NULL),
(49, 14, 'CR Group', 'Samsung Galaxy S21', '2021-08-02 12:56:46', 4, NULL),
(78, 13, 'Parisilk', 'Samsung Galaxy S21', '2021-08-02 13:55:58', 4, NULL),
(115, 13, 'Parisilk', 'iPhone 11', '2021-08-02 16:01:11', 5, NULL),
(66, 6, 'Courts', 'Samsung Galaxy S20', '2021-08-02 16:21:48', 5, NULL),
(6, 18, 'Parisilk', 'Samsung Galaxy S21', '2021-08-02 16:47:38', 4, NULL),
(213, 20, 'Courts', 'iPhone 12', '2021-08-02 18:38:15', 4, NULL),
(204, 19, 'Gain City', 'iPhone 11', '2021-08-02 20:58:51', 5, NULL),
(295, 12, 'Gain City', 'iPhone Xs', '2021-08-02 21:01:33', 5, NULL),
(126, 10, 'Best Denki', 'Samsung Galaxy S21', '2021-08-02 21:44:32', 4, NULL),
(181, 8, 'Harvey Norman', 'iPhone 12', '2021-08-02 22:15:28', 5, NULL),
(28, 10, 'Courts', 'iPhone Xs', '2021-08-02 23:56:31', 4, NULL),
(202, 15, 'CR Group', 'Samsung Galaxy S20', '2021-08-03 00:44:06', 5, NULL),
(236, 13, 'CR Group', 'Samsung Galaxy S21', '2021-08-03 02:28:07', 5, NULL),
(135, 18, 'Gain City', 'iPhone 12', '2021-08-03 04:07:15', 4, NULL),
(39, 2, 'Gain City', 'iPhone 12', '2021-08-03 06:00:24', 4, NULL),
(55, 5, 'Best Denki', 'iPhone 12', '2021-08-03 06:53:40', 5, NULL),
(252, 17, 'Gain City', 'iPhone Xs', '2021-08-03 09:04:41', 5, NULL),
(2, 11, 'CR Group', 'iPhone 11', '2021-08-03 10:12:10', 4, NULL),
(161, 7, 'Best Denki', 'iPhone Xs', '2021-08-03 10:51:51', 5, NULL),
(289, 2, 'Parisilk', 'Samsung Galaxy S21', '2021-08-03 11:04:22', 5, NULL),
(295, 4, 'Best Denki', 'Samsung Galaxy S20', '2021-08-03 11:27:21', 5, NULL),
(27, 6, 'Metro', 'Samsung Galaxy S21', '2021-08-03 12:58:07', 5, NULL),
(177, 2, 'Metro', 'iPhone 11', '2021-08-03 14:19:11', 5, NULL),
(142, 9, 'CR Group', 'iPhone Xs', '2021-08-03 15:10:12', 5, NULL),
(122, 13, 'Best Denki', 'iPhone Xs', '2021-08-03 15:47:17', 4, NULL),
(271, 15, 'Metro', 'Samsung Galaxy S21', '2021-08-03 16:16:05', 5, NULL),
(134, 14, 'Courts', 'iPhone 12', '2021-08-03 17:50:07', 4, NULL),
(45, 8, 'Metro', 'Samsung Galaxy S21', '2021-08-03 19:55:19', 4, NULL),
(217, 12, 'Gain City', 'iPhone 11', '2021-08-03 21:09:53', 4, NULL),
(99, 19, 'Courts', 'iPhone Xs', '2021-08-03 22:27:36', 4, NULL),
(88, 19, 'Gain City', 'iPhone 11', '2021-08-04 00:45:42', 5, NULL),
(209, 15, 'Courts', 'Samsung Galaxy S21', '2021-08-04 00:51:30', 5, NULL),
(267, 4, 'Metro', 'Samsung Galaxy S21', '2021-08-04 01:43:07', 4, NULL),
(84, 18, 'CR Group', 'Samsung Galaxy S21', '2021-08-04 02:12:53', 4, NULL),
(152, 9, 'Metro', 'Samsung Galaxy S20', '2021-08-04 04:35:03', 4, NULL),
(55, 7, 'Courts', 'iPhone Xs', '2021-08-04 05:02:45', 5, NULL),
(119, 11, 'CR Group', 'iPhone 11', '2021-08-04 06:16:24', 4, NULL),
(79, 1, 'Parisilk', 'iPhone 11', '2021-08-04 06:20:34', 4, NULL),
(269, 17, 'Metro', 'iPhone 11', '2021-08-04 07:15:58', 5, NULL),
(7, 19, 'Parisilk', 'Samsung Galaxy S21', '2021-08-04 08:56:29', 4, NULL),
(200, 1, 'Courts', 'iPhone Xs', '2021-08-04 10:03:14', 4, NULL),
(152, 7, 'Harvey Norman', 'iPhone Xs', '2021-08-04 11:04:56', 5, NULL),
(210, 9, 'Best Denki', 'Samsung Galaxy S21', '2021-08-04 13:21:51', 5, NULL),
(34, 15, 'CR Group', 'Samsung Galaxy S21', '2021-08-04 13:47:05', 4, NULL),
(247, 7, 'CR Group', 'Samsung Galaxy S20', '2021-08-04 15:34:30', 5, NULL),
(188, 9, 'Best Denki', 'iPhone 12', '2021-08-04 15:46:13', 4, NULL),
(287, 3, 'Harvey Norman', 'iPhone Xs', '2021-08-04 16:41:08', 5, NULL),
(151, 7, 'Best Denki', 'Samsung Galaxy S20', '2021-08-04 18:27:13', 4, NULL),
(35, 19, 'Best Denki', 'iPhone 11', '2021-08-04 19:02:56', 5, NULL),
(155, 18, 'Harvey Norman', 'Samsung Galaxy S20', '2021-08-04 21:05:29', 4, NULL),
(151, 13, 'Gain City', 'Samsung Galaxy S20', '2021-08-04 22:47:39', 5, NULL),
(258, 18, 'Best Denki', 'Samsung Galaxy S20', '2021-08-04 23:41:48', 5, NULL),
(158, 9, 'Harvey Norman', 'iPhone 12', '2021-08-05 01:39:34', 5, NULL),
(125, 5, 'Metro', 'Samsung Galaxy S21', '2021-08-05 02:59:37', 5, NULL),
(247, 10, 'Parisilk', 'Samsung Galaxy S20', '2021-08-05 04:31:10', 4, NULL),
(146, 4, 'Harvey Norman', 'iPhone 12', '2021-08-05 06:51:07', 4, NULL),
(65, 8, 'Gain City', 'iPhone 12', '2021-08-05 06:55:04', 4, NULL),
(109, 8, 'Courts', 'iPhone 12', '2021-08-05 08:13:00', 5, NULL),
(217, 7, 'Parisilk', 'iPhone 11', '2021-08-05 08:41:21', 5, NULL),
(66, 2, 'CR Group', 'iPhone 12', '2021-08-05 08:50:40', 4, NULL),
(263, 20, 'Harvey Norman', 'iPhone 12', '2021-08-05 09:09:53', 5, NULL),
(296, 16, 'Parisilk', 'Samsung Galaxy S20', '2021-08-05 09:40:29', 5, NULL),
(255, 4, 'Best Denki', 'iPhone Xs', '2021-08-05 10:54:45', 5, NULL),
(188, 14, 'CR Group', 'Samsung Galaxy S20', '2021-08-05 12:08:13', 4, NULL),
(60, 5, 'CR Group', 'iPhone 11', '2021-08-05 14:23:58', 5, NULL),
(150, 17, 'Metro', 'Samsung Galaxy S21', '2021-08-05 15:58:40', 4, NULL),
(247, 17, 'CR Group', 'Samsung Galaxy S21', '2021-08-05 17:38:25', 4, NULL),
(259, 20, 'Metro', 'Samsung Galaxy S21', '2021-08-05 18:29:25', 5, NULL),
(23, 16, 'CR Group', 'iPhone Xs', '2021-08-05 19:42:16', 5, NULL),
(27, 8, 'Courts', 'Samsung Galaxy S21', '2021-08-05 20:16:04', 4, NULL),
(276, 8, 'Metro', 'Samsung Galaxy S21', '2021-08-05 20:52:47', 4, NULL),
(133, 7, 'Gain City', 'iPhone Xs', '2021-08-05 22:46:17', 4, NULL),
(141, 8, 'Gain City', 'Samsung Galaxy S21', '2021-08-05 23:29:42', 4, NULL),
(69, 1, 'Metro', 'Samsung Galaxy S21', '2021-08-06 00:47:17', 5, NULL),
(299, 2, 'Gain City', 'iPhone 12', '2021-08-06 03:05:32', 5, NULL),
(151, 12, 'Harvey Norman', 'Samsung Galaxy S20', '2021-08-06 05:06:43', 5, NULL),
(90, 6, 'Best Denki', 'iPhone Xs', '2021-08-06 07:09:33', 4, NULL),
(143, 16, 'Metro', 'Samsung Galaxy S20', '2021-08-06 08:17:00', 5, NULL),
(195, 3, 'Parisilk', 'Samsung Galaxy S21', '2021-08-06 08:41:14', 5, NULL),
(200, 20, 'Gain City', 'Samsung Galaxy S20', '2021-08-06 09:59:57', 4, NULL),
(19, 16, 'CR Group', 'Samsung Galaxy S21', '2021-08-06 11:15:05', 5, NULL),
(52, 7, 'CR Group', 'Samsung Galaxy S21', '2021-08-06 11:45:43', 5, NULL),
(112, 14, 'Harvey Norman', 'iPhone Xs', '2021-08-06 12:49:39', 4, NULL),
(160, 14, 'Best Denki', 'iPhone Xs', '2021-08-06 14:26:50', 5, NULL),
(126, 18, 'Courts', 'Samsung Galaxy S20', '2021-08-06 15:47:17', 4, NULL),
(296, 4, 'CR Group', 'Samsung Galaxy S21', '2021-08-06 17:50:01', 5, NULL),
(243, 15, 'Harvey Norman', 'Samsung Galaxy S20', '2021-08-06 19:05:13', 4, NULL),
(248, 1, 'Parisilk', 'Samsung Galaxy S21', '2021-08-06 20:57:22', 5, NULL),
(107, 16, 'CR Group', 'Samsung Galaxy S21', '2021-08-06 21:50:02', 5, NULL),
(235, 8, 'Harvey Norman', 'Samsung Galaxy S21', '2021-08-07 00:03:35', 5, NULL),
(36, 13, 'Harvey Norman', 'iPhone 12', '2021-08-07 00:44:50', 5, NULL),
(231, 7, 'Best Denki', 'iPhone 12', '2021-08-07 01:14:16', 4, NULL),
(47, 17, 'Courts', 'iPhone Xs', '2021-08-07 01:59:38', 5, NULL),
(86, 3, 'Gain City', 'Samsung Galaxy S21', '2021-08-07 03:49:13', 5, NULL),
(239, 1, 'Courts', 'Samsung Galaxy S20', '2021-08-07 06:05:17', 5, NULL),
(249, 4, 'Best Denki', 'iPhone 11', '2021-08-07 08:20:06', 4, NULL),
(260, 2, 'Courts', 'Samsung Galaxy S21', '2021-08-07 09:18:48', 5, NULL),
(49, 8, 'Harvey Norman', 'Samsung Galaxy S20', '2021-08-07 10:37:59', 5, NULL),
(90, 11, 'CR Group', 'iPhone Xs', '2021-08-07 11:01:12', 4, NULL),
(25, 10, 'CR Group', 'iPhone Xs', '2021-08-07 12:31:27', 5, NULL),
(169, 14, 'Metro', 'Samsung Galaxy S20', '2021-08-07 13:45:19', 5, NULL),
(200, 14, 'Gain City', 'Samsung Galaxy S20', '2021-08-07 14:18:53', 5, NULL),
(64, 7, 'CR Group', 'iPhone 11', '2021-08-07 15:30:54', 4, NULL),
(143, 9, 'Metro', 'Samsung Galaxy S20', '2021-08-07 17:44:27', 4, NULL),
(86, 7, 'Courts', 'iPhone 12', '2021-08-07 19:57:39', 4, NULL),
(224, 14, 'Metro', 'Samsung Galaxy S21', '2021-08-07 22:11:40', 4, NULL),
(224, 4, 'CR Group', 'iPhone 11', '2021-08-07 22:37:55', 4, NULL),
(34, 4, 'Courts', 'iPhone 12', '2021-08-07 23:18:50', 5, NULL),
(57, 1, 'Harvey Norman', 'iPhone Xs', '2021-08-08 00:30:09', 4, NULL),
(164, 19, 'Parisilk', 'Samsung Galaxy S20', '2021-08-08 01:14:47', 5, NULL),
(259, 10, 'CR Group', 'Samsung Galaxy S20', '2021-08-08 03:10:49', 5, NULL),
(44, 19, 'Gain City', 'iPhone Xs', '2021-08-08 04:50:53', 5, NULL),
(31, 8, 'Metro', 'iPhone 12', '2021-08-08 06:25:23', 5, NULL),
(183, 15, 'Parisilk', 'Samsung Galaxy S20', '2021-08-08 07:49:13', 4, NULL),
(102, 20, 'Harvey Norman', 'iPhone 12', '2021-08-08 08:45:24', 5, NULL),
(92, 7, 'Parisilk', 'iPhone Xs', '2021-08-08 10:01:31', 4, NULL),
(105, 7, 'Metro', 'iPhone 12', '2021-08-08 10:36:12', 4, NULL),
(184, 4, 'Metro', 'Samsung Galaxy S21', '2021-08-08 12:53:30', 5, NULL),
(229, 6, 'CR Group', 'iPhone Xs', '2021-08-08 14:52:27', 5, NULL),
(40, 4, 'Metro', 'iPhone 12', '2021-08-08 15:50:56', 4, NULL),
(146, 18, 'Best Denki', 'iPhone Xs', '2021-08-08 16:07:31', 4, NULL),
(145, 18, 'Best Denki', 'iPhone 12', '2021-08-08 16:46:09', 4, NULL),
(128, 18, 'CR Group', 'Samsung Galaxy S20', '2021-08-08 18:08:12', 5, NULL),
(290, 12, 'CR Group', 'Samsung Galaxy S21', '2021-08-08 18:52:45', 5, NULL),
(92, 16, 'Parisilk', 'iPhone Xs', '2021-08-08 19:35:22', 4, NULL),
(227, 13, 'CR Group', 'iPhone 11', '2021-08-08 20:13:55', 5, NULL),
(280, 3, 'Metro', 'iPhone 11', '2021-08-08 20:45:05', 5, NULL),
(107, 20, 'Metro', 'iPhone 12', '2021-08-08 22:03:03', 5, NULL),
(80, 10, 'Metro', 'Samsung Galaxy S20', '2021-08-08 23:01:20', 5, NULL),
(209, 1, 'Parisilk', 'iPhone 12', '2021-08-08 23:52:04', 4, NULL),
(84, 20, 'Courts', 'Samsung Galaxy S20', '2021-08-09 00:50:11', 5, NULL),
(33, 16, 'CR Group', 'iPhone Xs', '2021-08-09 02:59:20', 5, NULL),
(105, 20, 'Courts', 'iPhone 12', '2021-08-09 03:01:50', 4, NULL),
(55, 18, 'Gain City', 'Samsung Galaxy S21', '2021-08-09 05:25:41', 5, NULL),
(30, 2, 'Gain City', 'iPhone 12', '2021-08-09 06:15:56', 5, NULL),
(113, 5, 'Parisilk', 'Samsung Galaxy S21', '2021-08-09 07:15:59', 4, NULL),
(49, 16, 'Courts', 'Samsung Galaxy S20', '2021-08-09 08:59:38', 5, NULL),
(192, 17, 'Metro', 'Samsung Galaxy S21', '2021-08-09 08:59:53', 5, NULL),
(252, 19, 'Gain City', 'iPhone 12', '2021-08-09 09:30:49', 4, NULL),
(70, 6, 'Gain City', 'Samsung Galaxy S21', '2021-08-09 10:28:31', 5, NULL),
(7, 7, 'Courts', 'iPhone 12', '2021-08-09 11:32:40', 4, NULL),
(117, 17, 'Courts', 'Samsung Galaxy S21', '2021-08-09 12:49:18', 5, NULL),
(164, 4, 'Parisilk', 'Samsung Galaxy S21', '2021-08-09 13:46:40', 4, NULL),
(6, 5, 'CR Group', 'iPhone 11', '2021-08-09 16:00:03', 5, NULL),
(193, 1, 'Best Denki', 'iPhone 11', '2021-08-09 18:21:30', 4, NULL),
(147, 9, 'Parisilk', 'iPhone Xs', '2021-08-09 19:47:32', 5, NULL),
(32, 16, 'Courts', 'iPhone 12', '2021-08-09 21:43:12', 5, NULL),
(109, 20, 'Metro', 'Samsung Galaxy S21', '2021-08-10 00:06:08', 5, NULL),
(3, 1, 'Parisilk', 'Samsung Galaxy S20', '2021-08-10 00:59:53', 5, NULL),
(280, 6, 'Harvey Norman', 'Samsung Galaxy S21', '2021-08-10 03:03:58', 4, NULL),
(229, 9, 'Gain City', 'iPhone 11', '2021-08-10 03:20:45', 4, NULL),
(300, 7, 'Courts', 'Samsung Galaxy S21', '2021-08-10 04:37:49', 5, NULL),
(6, 4, 'Parisilk', 'Samsung Galaxy S20', '2021-08-10 05:20:44', 5, NULL),
(80, 4, 'Parisilk', 'iPhone Xs', '2021-08-10 07:36:45', 5, NULL),
(290, 7, 'Parisilk', 'iPhone Xs', '2021-08-10 07:55:17', 4, NULL),
(289, 18, 'Metro', 'Samsung Galaxy S21', '2021-08-10 10:18:34', 5, NULL),
(126, 4, 'Parisilk', 'iPhone 11', '2021-08-10 11:20:17', 4, NULL),
(23, 6, 'Harvey Norman', 'Samsung Galaxy S20', '2021-08-10 11:56:54', 5, NULL),
(194, 12, 'Harvey Norman', 'Samsung Galaxy S20', '2021-08-10 12:22:09', 4, NULL),
(93, 19, 'Gain City', 'Samsung Galaxy S20', '2021-08-10 14:19:46', 4, NULL),
(206, 11, 'Courts', 'Samsung Galaxy S20', '2021-08-10 14:45:32', 5, NULL),
(145, 5, 'Metro', 'Samsung Galaxy S20', '2021-08-10 15:04:32', 5, NULL),
(91, 20, 'Metro', 'iPhone 11', '2021-08-10 17:06:15', 5, NULL),
(167, 5, 'CR Group', 'iPhone Xs', '2021-08-10 17:41:42', 5, NULL),
(151, 12, 'Metro', 'Samsung Galaxy S21', '2021-08-10 18:15:11', 4, NULL),
(249, 3, 'Metro', 'iPhone Xs', '2021-08-10 19:38:46', 4, NULL),
(106, 19, 'Best Denki', 'Samsung Galaxy S20', '2021-08-10 20:08:36', 4, NULL),
(103, 5, 'Courts', 'iPhone 11', '2021-08-10 20:17:05', 4, NULL),
(186, 8, 'Gain City', 'Samsung Galaxy S20', '2021-08-10 22:00:50', 4, NULL),
(282, 11, 'Metro', 'Samsung Galaxy S21', '2021-08-10 22:21:06', 5, NULL),
(196, 2, 'Gain City', 'iPhone 12', '2021-08-11 00:36:36', 4, NULL),
(43, 6, 'Harvey Norman', 'Samsung Galaxy S20', '2021-08-11 01:33:56', 5, NULL),
(7, 2, 'Best Denki', 'iPhone Xs', '2021-08-11 03:51:35', 4, NULL),
(283, 5, 'Gain City', 'iPhone 11', '2021-08-11 05:08:37', 5, NULL),
(30, 13, 'Harvey Norman', 'iPhone 11', '2021-08-11 07:20:57', 4, NULL),
(291, 20, 'Courts', 'iPhone 11', '2021-08-11 09:06:39', 5, NULL),
(148, 6, 'CR Group', 'iPhone Xs', '2021-08-11 09:31:55', 4, NULL),
(128, 4, 'CR Group', 'Samsung Galaxy S20', '2021-08-11 10:50:28', 5, NULL),
(244, 11, 'Gain City', 'iPhone 11', '2021-08-11 13:12:31', 4, NULL),
(237, 7, 'Harvey Norman', 'iPhone 11', '2021-08-11 13:21:37', 5, NULL),
(241, 8, 'Best Denki', 'Samsung Galaxy S21', '2021-08-11 15:21:51', 5, NULL),
(251, 8, 'Harvey Norman', 'Samsung Galaxy S20', '2021-08-11 15:53:36', 4, NULL),
(147, 11, 'Metro', 'iPhone 12', '2021-08-11 18:05:04', 4, NULL),
(10, 17, 'Courts', 'iPhone Xs', '2021-08-11 20:08:57', 4, NULL),
(30, 14, 'Parisilk', 'iPhone 11', '2021-08-11 21:37:52', 5, NULL),
(121, 19, 'Parisilk', 'iPhone Xs', '2021-08-11 23:48:49', 5, NULL),
(27, 18, 'Best Denki', 'Samsung Galaxy S21', '2021-08-12 01:36:14', 4, NULL),
(295, 6, 'Courts', 'iPhone 11', '2021-08-12 03:55:13', 4, NULL),
(60, 1, 'Gain City', 'Samsung Galaxy S20', '2021-08-12 05:02:21', 4, NULL),
(174, 9, 'Gain City', 'iPhone 12', '2021-08-12 06:59:38', 5, NULL),
(61, 8, 'Parisilk', 'iPhone Xs', '2021-08-12 07:12:39', 5, NULL),
(1, 5, 'Gain City', 'Samsung Galaxy S20', '2021-08-12 08:31:10', 5, NULL),
(263, 12, 'Courts', 'Samsung Galaxy S21', '2021-08-12 10:02:20', 5, NULL),
(269, 12, 'CR Group', 'iPhone 12', '2021-08-12 11:45:47', 5, NULL),
(48, 12, 'Courts', 'Samsung Galaxy S21', '2021-08-12 12:08:11', 5, NULL),
(168, 12, 'Harvey Norman', 'iPhone Xs', '2021-08-12 13:21:07', 5, NULL),
(149, 16, 'Best Denki', 'iPhone 11', '2021-08-12 15:37:12', 5, NULL),
(111, 12, 'Parisilk', 'Samsung Galaxy S21', '2021-08-12 16:19:51', 5, NULL),
(15, 4, 'Best Denki', 'iPhone 11', '2021-08-12 18:10:18', 4, NULL),
(216, 4, 'Best Denki', 'iPhone 12', '2021-08-12 18:45:14', 4, NULL),
(221, 16, 'Gain City', 'Samsung Galaxy S20', '2021-08-12 19:19:14', 4, NULL),
(60, 14, 'Harvey Norman', 'iPhone 12', '2021-08-12 21:36:40', 4, NULL),
(208, 5, 'Parisilk', 'iPhone Xs', '2021-08-12 23:49:24', 4, NULL),
(104, 18, 'Harvey Norman', 'Samsung Galaxy S21', '2021-08-13 00:48:44', 5, NULL),
(150, 10, 'Metro', 'iPhone 11', '2021-08-13 01:12:28', 5, NULL),
(39, 17, 'Gain City', 'Samsung Galaxy S21', '2021-08-13 02:17:34', 5, NULL),
(234, 9, 'Gain City', 'iPhone Xs', '2021-08-13 04:24:27', 5, NULL),
(158, 16, 'Best Denki', 'iPhone 11', '2021-08-13 05:37:50', 4, NULL),
(162, 1, 'Metro', 'iPhone 11', '2021-08-13 06:41:44', 4, NULL),
(35, 19, 'Courts', 'iPhone Xs', '2021-08-13 08:15:42', 4, NULL),
(68, 18, 'Parisilk', 'iPhone 11', '2021-08-13 08:50:59', 4, NULL),
(262, 4, 'Gain City', 'Samsung Galaxy S20', '2021-08-13 09:42:43', 4, NULL),
(238, 7, 'Parisilk', 'iPhone 11', '2021-08-13 11:44:16', 4, NULL),
(47, 8, 'CR Group', 'iPhone 11', '2021-08-13 13:15:40', 5, NULL),
(55, 2, 'Best Denki', 'iPhone Xs', '2021-08-13 15:28:17', 4, NULL),
(56, 19, 'CR Group', 'Samsung Galaxy S21', '2021-08-13 16:11:28', 4, NULL),
(254, 14, 'Best Denki', 'iPhone Xs', '2021-08-13 16:41:24', 4, NULL),
(245, 16, 'Harvey Norman', 'iPhone Xs', '2021-08-13 16:47:30', 4, NULL),
(277, 6, 'Parisilk', 'iPhone 11', '2021-08-13 17:48:11', 4, NULL),
(204, 8, 'Best Denki', 'iPhone 11', '2021-08-13 19:36:47', 5, NULL),
(143, 5, 'Best Denki', 'Samsung Galaxy S20', '2021-08-13 19:50:40', 5, NULL),
(1, 4, 'Metro', 'Samsung Galaxy S21', '2021-08-13 22:14:25', 5, NULL),
(81, 15, 'Best Denki', 'iPhone 12', '2021-08-13 23:19:22', 5, NULL),
(99, 9, 'Parisilk', 'iPhone Xs', '2021-08-13 23:30:26', 5, NULL),
(252, 7, 'CR Group', 'iPhone 12', '2021-08-14 01:02:38', 5, NULL),
(167, 16, 'Parisilk', 'iPhone 12', '2021-08-14 01:19:51', 5, NULL),
(62, 3, 'Gain City', 'Samsung Galaxy S20', '2021-08-14 02:06:54', 5, NULL),
(54, 15, 'Gain City', 'iPhone Xs', '2021-08-14 02:16:21', 4, NULL),
(86, 7, 'Courts', 'Samsung Galaxy S21', '2021-08-14 03:44:10', 4, NULL),
(282, 4, 'Metro', 'Samsung Galaxy S21', '2021-08-14 04:10:11', 4, NULL),
(194, 20, 'Parisilk', 'iPhone 12', '2021-08-14 05:03:13', 4, NULL),
(136, 18, 'Best Denki', 'Samsung Galaxy S21', '2021-08-14 05:43:45', 4, NULL),
(161, 16, 'CR Group', 'iPhone 12', '2021-08-14 07:28:22', 5, NULL),
(251, 1, 'Best Denki', 'Samsung Galaxy S20', '2021-08-14 09:15:43', 4, NULL),
(139, 18, 'Courts', 'Samsung Galaxy S20', '2021-08-14 09:21:05', 4, NULL),
(16, 14, 'CR Group', 'iPhone Xs', '2021-08-14 10:15:02', 5, NULL),
(147, 2, 'CR Group', 'Samsung Galaxy S21', '2021-08-14 12:03:37', 4, NULL),
(221, 14, 'CR Group', 'iPhone 11', '2021-08-14 13:38:22', 4, NULL),
(111, 15, 'Courts', 'iPhone 11', '2021-08-14 14:16:14', 4, NULL),
(182, 19, 'Metro', 'Samsung Galaxy S20', '2021-08-14 16:31:54', 5, NULL),
(199, 16, 'Metro', 'Samsung Galaxy S21', '2021-08-14 18:51:05', 5, NULL),
(224, 2, 'Harvey Norman', 'iPhone 11', '2021-08-14 20:20:58', 4, NULL),
(58, 1, 'Parisilk', 'iPhone 11', '2021-08-14 20:33:58', 4, NULL),
(186, 2, 'CR Group', 'Samsung Galaxy S21', '2021-08-14 20:41:24', 4, NULL),
(274, 7, 'Best Denki', 'iPhone Xs', '2021-08-14 21:07:07', 5, NULL),
(178, 1, 'CR Group', 'iPhone Xs', '2021-08-14 21:42:02', 5, NULL),
(260, 2, 'Best Denki', 'Samsung Galaxy S20', '2021-08-14 22:56:28', 4, NULL),
(94, 6, 'Best Denki', 'Samsung Galaxy S21', '2021-08-15 00:02:37', 5, NULL),
(248, 11, 'Metro', 'iPhone 11', '2021-08-15 01:34:13', 4, NULL),
(171, 6, 'Gain City', 'Samsung Galaxy S21', '2021-08-15 03:22:25', 4, NULL),
(112, 7, 'Parisilk', 'iPhone Xs', '2021-08-15 03:42:20', 5, NULL),
(222, 5, 'Gain City', 'iPhone 11', '2021-08-15 05:26:12', 4, NULL),
(291, 15, 'Gain City', 'Samsung Galaxy S20', '2021-08-15 07:10:10', 4, NULL),
(140, 15, 'Harvey Norman', 'iPhone 11', '2021-08-15 08:14:18', 5, NULL),
(212, 4, 'Gain City', 'iPhone 11', '2021-08-15 08:16:40', 5, NULL),
(122, 11, 'Metro', 'iPhone 11', '2021-08-15 10:19:24', 5, NULL),
(265, 10, 'Best Denki', 'iPhone 11', '2021-08-15 11:46:59', 5, NULL),
(264, 19, 'Best Denki', 'iPhone 11', '2021-08-15 12:13:45', 5, NULL),
(283, 15, 'Metro', 'iPhone 12', '2021-08-15 12:14:11', 4, NULL),
(25, 15, 'Metro', 'Samsung Galaxy S21', '2021-08-15 14:27:08', 5, NULL),
(193, 20, 'Harvey Norman', 'iPhone 12', '2021-08-15 16:07:12', 5, NULL),
(30, 1, 'Gain City', 'Samsung Galaxy S20', '2021-08-15 17:45:13', 4, NULL),
(103, 4, 'Parisilk', 'iPhone 11', '2021-08-15 19:12:48', 5, NULL),
(234, 14, 'CR Group', 'iPhone Xs', '2021-08-15 19:12:51', 5, NULL),
(175, 15, 'Metro', 'Samsung Galaxy S21', '2021-08-15 21:26:33', 5, NULL),
(218, 11, 'Best Denki', 'iPhone Xs', '2021-08-15 22:01:05', 5, NULL),
(177, 14, 'Courts', 'Samsung Galaxy S21', '2021-08-15 22:55:39', 4, NULL),
(267, 2, 'CR Group', 'Samsung Galaxy S20', '2021-08-15 23:14:43', 5, NULL),
(198, 11, 'Metro', 'iPhone 11', '2021-08-16 01:17:57', 5, NULL),
(161, 5, 'Metro', 'iPhone 11', '2021-08-16 02:34:06', 5, NULL),
(19, 11, 'CR Group', 'iPhone Xs', '2021-08-16 04:11:49', 4, NULL),
(75, 9, 'Parisilk', 'iPhone 12', '2021-08-16 05:47:58', 5, NULL),
(277, 4, 'Metro', 'Samsung Galaxy S20', '2021-08-16 07:11:56', 4, NULL),
(194, 3, 'Harvey Norman', 'iPhone 11', '2021-08-16 08:14:34', 4, NULL),
(92, 18, 'Parisilk', 'Samsung Galaxy S20', '2021-08-16 09:54:32', 4, NULL),
(173, 9, 'Courts', 'iPhone 12', '2021-08-16 10:00:59', 5, NULL),
(123, 6, 'Metro', 'iPhone 11', '2021-08-16 11:33:52', 5, NULL),
(271, 9, 'Courts', 'Samsung Galaxy S21', '2021-08-16 12:51:06', 4, NULL),
(242, 9, 'Gain City', 'iPhone Xs', '2021-08-16 14:00:48', 5, NULL),
(5, 18, 'Harvey Norman', 'iPhone 11', '2021-08-16 14:50:03', 4, NULL),
(244, 20, 'CR Group', 'Samsung Galaxy S20', '2021-08-16 15:12:01', 5, NULL),
(167, 14, 'Courts', 'Samsung Galaxy S21', '2021-08-16 17:10:47', 4, NULL),
(115, 8, 'Parisilk', 'iPhone Xs', '2021-08-16 19:17:40', 4, NULL),
(221, 20, 'Best Denki', 'iPhone 12', '2021-08-16 19:59:47', 4, NULL),
(96, 10, 'Metro', 'Samsung Galaxy S20', '2021-08-16 21:10:58', 4, NULL),
(219, 12, 'Gain City', 'iPhone 12', '2021-08-16 21:49:48', 5, NULL),
(178, 6, 'Courts', 'iPhone 12', '2021-08-16 22:05:57', 5, NULL),
(135, 6, 'Courts', 'iPhone 12', '2021-08-16 22:31:31', 5, NULL),
(276, 3, 'Parisilk', 'iPhone 11', '2021-08-16 23:13:35', 5, NULL),
(249, 5, 'Courts', 'iPhone 12', '2021-08-17 00:29:24', 4, NULL),
(241, 11, 'Metro', 'Samsung Galaxy S20', '2021-08-17 00:38:02', 5, NULL),
(132, 13, 'Best Denki', 'iPhone 11', '2021-08-17 03:01:27', 5, NULL),
(217, 4, 'Metro', 'Samsung Galaxy S20', '2021-08-17 03:41:09', 5, NULL),
(45, 10, 'CR Group', 'Samsung Galaxy S20', '2021-08-17 05:07:52', 5, NULL),
(200, 5, 'CR Group', 'Samsung Galaxy S21', '2021-08-17 05:36:56', 4, NULL),
(52, 7, 'Harvey Norman', 'iPhone 11', '2021-08-17 06:59:19', 4, NULL),
(251, 11, 'Parisilk', 'Samsung Galaxy S21', '2021-08-17 07:32:38', 4, NULL),
(9, 3, 'Parisilk', 'iPhone 11', '2021-08-17 08:53:53', 4, NULL),
(60, 8, 'Harvey Norman', 'iPhone 12', '2021-08-17 09:50:02', 4, NULL),
(269, 12, 'Harvey Norman', 'iPhone Xs', '2021-08-17 11:47:23', 4, NULL),
(129, 4, 'Courts', 'Samsung Galaxy S20', '2021-08-17 12:17:40', 5, NULL),
(194, 16, 'Parisilk', 'iPhone 11', '2021-08-17 13:22:26', 5, NULL),
(192, 10, 'Courts', 'iPhone 11', '2021-08-17 15:17:56', 4, NULL),
(189, 14, 'Metro', 'Samsung Galaxy S21', '2021-08-17 15:42:13', 5, NULL),
(291, 20, 'Metro', 'iPhone 11', '2021-08-17 17:27:26', 4, NULL),
(52, 4, 'Metro', 'Samsung Galaxy S20', '2021-08-17 18:20:37', 5, NULL),
(259, 5, 'CR Group', 'Samsung Galaxy S20', '2021-08-17 19:46:00', 4, NULL),
(252, 13, 'CR Group', 'Samsung Galaxy S21', '2021-08-17 20:44:35', 5, NULL),
(167, 4, 'Gain City', 'Samsung Galaxy S21', '2021-08-17 22:39:37', 5, NULL),
(93, 3, 'Harvey Norman', 'Samsung Galaxy S21', '2021-08-17 23:42:09', 4, NULL),
(75, 13, 'CR Group', 'iPhone Xs', '2021-08-18 02:05:45', 4, NULL),
(207, 16, 'CR Group', 'Samsung Galaxy S21', '2021-08-18 02:50:40', 5, NULL),
(224, 3, 'Parisilk', 'iPhone Xs', '2021-08-18 03:18:18', 5, NULL),
(144, 9, 'Parisilk', 'Samsung Galaxy S21', '2021-08-18 04:35:19', 5, NULL),
(127, 1, 'Best Denki', 'iPhone Xs', '2021-08-18 06:45:00', 4, NULL),
(67, 18, 'Metro', 'iPhone 11', '2021-08-18 07:50:32', 4, NULL),
(101, 3, 'Harvey Norman', 'iPhone 12', '2021-08-18 09:16:05', 4, NULL),
(204, 5, 'CR Group', 'iPhone 11', '2021-08-18 09:43:48', 4, NULL),
(154, 6, 'Metro', 'iPhone 11', '2021-08-18 10:09:33', 4, NULL),
(274, 17, 'Harvey Norman', 'Samsung Galaxy S21', '2021-08-18 10:45:22', 5, NULL),
(2, 2, 'Gain City', 'Samsung Galaxy S21', '2021-08-18 12:49:02', 5, NULL),
(287, 16, 'Gain City', 'Samsung Galaxy S21', '2021-08-18 14:25:59', 5, NULL),
(70, 18, 'Metro', 'iPhone 12', '2021-08-18 15:28:19', 5, NULL),
(31, 3, 'Best Denki', 'Samsung Galaxy S21', '2021-08-18 17:05:18', 5, NULL),
(273, 20, 'Best Denki', 'iPhone 12', '2021-08-18 19:12:02', 4, NULL),
(201, 2, 'CR Group', 'iPhone 12', '2021-08-18 19:56:05', 5, NULL),
(96, 19, 'CR Group', 'iPhone 12', '2021-08-18 20:09:29', 4, NULL),
(160, 3, 'Metro', 'Samsung Galaxy S20', '2021-08-18 21:36:31', 5, NULL),
(233, 8, 'Parisilk', 'Samsung Galaxy S21', '2021-08-18 22:20:08', 5, NULL),
(86, 15, 'CR Group', 'iPhone Xs', '2021-08-18 23:28:26', 5, NULL),
(164, 7, 'Best Denki', 'Samsung Galaxy S21', '2021-08-19 00:05:36', 5, NULL),
(221, 4, 'CR Group', 'Samsung Galaxy S21', '2021-08-19 01:10:44', 5, NULL),
(115, 8, 'Harvey Norman', 'iPhone 11', '2021-08-19 02:33:15', 5, NULL),
(47, 2, 'Gain City', 'iPhone Xs', '2021-08-19 02:43:54', 5, NULL),
(260, 13, 'Parisilk', 'iPhone 12', '2021-08-19 02:49:41', 5, NULL),
(98, 20, 'Best Denki', 'iPhone 11', '2021-08-19 05:02:36', 5, NULL),
(217, 19, 'Gain City', 'Samsung Galaxy S21', '2021-08-19 06:33:50', 4, NULL),
(264, 4, 'Metro', 'iPhone 12', '2021-08-19 07:18:34', 5, NULL),
(11, 6, 'Best Denki', 'iPhone 12', '2021-08-19 08:50:53', 4, NULL),
(108, 15, 'Parisilk', 'Samsung Galaxy S20', '2021-08-19 08:58:10', 5, NULL),
(185, 7, 'Metro', 'iPhone Xs', '2021-08-19 11:09:47', 5, NULL),
(62, 7, 'Metro', 'Samsung Galaxy S21', '2021-08-19 12:36:25', 5, NULL),
(115, 20, 'Metro', 'iPhone Xs', '2021-08-19 14:40:03', 4, NULL),
(259, 14, 'CR Group', 'Samsung Galaxy S21', '2021-08-19 15:23:57', 5, NULL),
(293, 13, 'Metro', 'iPhone 12', '2021-08-19 15:41:52', 5, NULL),
(14, 14, 'CR Group', 'iPhone 12', '2021-08-19 18:04:21', 5, NULL),
(75, 9, 'Courts', 'iPhone Xs', '2021-08-19 18:37:38', 5, NULL),
(31, 4, 'Gain City', 'iPhone Xs', '2021-08-19 19:49:36', 5, NULL),
(157, 8, 'Metro', 'iPhone 11', '2021-08-19 21:39:51', 5, NULL),
(21, 17, 'Gain City', 'Samsung Galaxy S21', '2021-08-19 23:53:13', 4, NULL),
(23, 7, 'Metro', 'Samsung Galaxy S20', '2021-08-20 01:15:16', 5, NULL),
(261, 9, 'Metro', 'iPhone Xs', '2021-08-20 02:16:36', 5, NULL),
(46, 15, 'Harvey Norman', 'Samsung Galaxy S21', '2021-08-20 02:45:19', 4, NULL),
(198, 15, 'Best Denki', 'iPhone 11', '2021-08-20 03:56:46', 4, NULL),
(300, 5, 'Gain City', 'Samsung Galaxy S21', '2021-08-20 04:25:06', 5, NULL),
(4, 1, 'CR Group', 'iPhone 12', '2021-08-20 05:55:00', 5, NULL),
(264, 10, 'Parisilk', 'Samsung Galaxy S20', '2021-08-20 07:18:58', 4, NULL),
(103, 4, 'Parisilk', 'iPhone 11', '2021-08-20 07:41:09', 4, NULL),
(84, 12, 'CR Group', 'iPhone 11', '2021-08-20 09:38:20', 4, NULL),
(196, 11, 'Harvey Norman', 'iPhone 11', '2021-08-20 10:47:01', 5, NULL),
(226, 5, 'CR Group', 'iPhone 11', '2021-08-20 13:06:07', 4, NULL),
(224, 1, 'Metro', 'Samsung Galaxy S21', '2021-08-20 15:05:48', 5, NULL),
(266, 1, 'Parisilk', 'Samsung Galaxy S20', '2021-08-20 16:25:56', 4, NULL),
(59, 18, 'Harvey Norman', 'iPhone 11', '2021-08-20 18:27:30', 4, NULL),
(267, 11, 'Best Denki', 'iPhone 11', '2021-08-20 19:21:02', 5, NULL),
(296, 10, 'CR Group', 'iPhone 11', '2021-08-20 21:20:47', 4, NULL),
(48, 18, 'Gain City', 'iPhone 11', '2021-08-20 22:26:14', 5, NULL),
(245, 14, 'CR Group', 'iPhone 11', '2021-08-21 00:22:05', 4, NULL),
(87, 6, 'CR Group', 'iPhone 11', '2021-08-21 02:08:46', 4, NULL),
(271, 18, 'CR Group', 'iPhone Xs', '2021-08-21 02:49:22', 5, NULL),
(100, 1, 'Best Denki', 'Samsung Galaxy S21', '2021-08-21 03:20:28', 4, NULL),
(148, 3, 'Parisilk', 'iPhone Xs', '2021-08-21 04:56:04', 4, NULL),
(5, 14, 'Metro', 'iPhone 12', '2021-08-21 05:25:15', 5, NULL),
(24, 10, 'CR Group', 'Samsung Galaxy S20', '2021-08-21 05:28:21', 4, NULL),
(166, 10, 'Metro', 'iPhone 11', '2021-08-21 07:49:54', 5, NULL),
(227, 8, 'Harvey Norman', 'Samsung Galaxy S20', '2021-08-21 08:31:50', 4, NULL),
(228, 2, 'Metro', 'Samsung Galaxy S20', '2021-08-21 09:08:48', 5, NULL),
(135, 1, 'Harvey Norman', 'iPhone 11', '2021-08-21 10:54:37', 4, NULL),
(269, 4, 'Courts', 'Samsung Galaxy S20', '2021-08-21 12:00:33', 4, NULL),
(65, 10, 'Parisilk', 'iPhone 11', '2021-08-21 12:02:35', 5, NULL),
(254, 5, 'Metro', 'Samsung Galaxy S21', '2021-08-21 12:16:35', 5, NULL),
(157, 8, 'Parisilk', 'iPhone 12', '2021-08-21 14:13:01', 4, NULL),
(217, 13, 'Harvey Norman', 'iPhone 11', '2021-08-21 15:39:12', 4, NULL),
(195, 14, 'CR Group', 'Samsung Galaxy S20', '2021-08-21 17:28:23', 5, NULL),
(109, 15, 'Courts', 'Samsung Galaxy S20', '2021-08-21 18:39:26', 5, NULL),
(217, 15, 'Courts', 'Samsung Galaxy S21', '2021-08-21 20:44:31', 5, NULL),
(230, 13, 'CR Group', 'iPhone 12', '2021-08-21 22:53:22', 5, NULL),
(261, 4, 'Metro', 'Samsung Galaxy S20', '2021-08-22 00:55:56', 5, NULL),
(282, 3, 'Courts', 'iPhone Xs', '2021-08-22 01:46:31', 5, NULL),
(2, 6, 'Metro', 'iPhone 11', '2021-08-22 02:16:15', 4, NULL),
(38, 8, 'Metro', 'Samsung Galaxy S21', '2021-08-22 02:29:59', 4, NULL),
(268, 13, 'Courts', 'iPhone 12', '2021-08-22 04:43:41', 4, NULL),
(183, 3, 'Harvey Norman', 'Samsung Galaxy S21', '2021-08-22 05:30:18', 5, NULL),
(290, 12, 'Harvey Norman', 'Samsung Galaxy S20', '2021-08-22 06:17:43', 5, NULL),
(182, 6, 'Metro', 'iPhone 11', '2021-08-22 06:37:17', 5, NULL),
(266, 2, 'CR Group', 'Samsung Galaxy S20', '2021-08-22 08:14:48', 5, NULL),
(3, 13, 'Best Denki', 'iPhone 12', '2021-08-22 09:43:10', 4, NULL),
(4, 2, 'Harvey Norman', 'iPhone Xs', '2021-08-22 11:22:22', 5, NULL),
(144, 1, 'Courts', 'Samsung Galaxy S21', '2021-08-22 13:37:02', 4, NULL),
(74, 6, 'Best Denki', 'iPhone Xs', '2021-08-22 15:22:18', 4, NULL),
(44, 3, 'CR Group', 'Samsung Galaxy S21', '2021-08-22 16:22:10', 5, NULL),
(185, 11, 'Harvey Norman', 'Samsung Galaxy S21', '2021-08-22 16:56:02', 5, NULL),
(78, 16, 'Harvey Norman', 'Samsung Galaxy S20', '2021-08-22 18:32:48', 5, NULL),
(228, 7, 'CR Group', 'Samsung Galaxy S21', '2021-08-22 20:41:02', 5, NULL),
(251, 7, 'Courts', 'iPhone 11', '2021-08-22 21:22:04', 4, NULL),
(206, 3, 'Gain City', 'iPhone 11', '2021-08-22 23:19:42', 4, NULL),
(220, 16, 'Metro', 'iPhone 11', '2021-08-22 23:38:52', 5, NULL),
(33, 10, 'Parisilk', 'iPhone 11', '2021-08-23 02:01:00', 5, NULL),
(294, 11, 'Gain City', 'Samsung Galaxy S21', '2021-08-23 02:12:53', 5, NULL),
(18, 13, 'Best Denki', 'iPhone Xs', '2021-08-23 03:40:32', 4, NULL),
(283, 3, 'Gain City', 'Samsung Galaxy S20', '2021-08-23 05:25:59', 5, NULL),
(59, 6, 'Gain City', 'iPhone 12', '2021-08-23 05:44:09', 4, NULL),
(224, 15, 'Courts', 'iPhone 11', '2021-08-23 05:51:56', 4, NULL),
(227, 4, 'Gain City', 'iPhone Xs', '2021-08-23 07:30:45', 4, NULL),
(222, 4, 'Harvey Norman', 'iPhone 12', '2021-08-23 09:31:17', 5, NULL),
(214, 20, 'CR Group', 'iPhone 11', '2021-08-23 11:20:24', 4, NULL),
(280, 9, 'Harvey Norman', 'iPhone Xs', '2021-08-23 11:23:33', 5, NULL),
(27, 8, 'Harvey Norman', 'iPhone 12', '2021-08-23 12:47:21', 4, NULL),
(263, 1, 'Parisilk', 'Samsung Galaxy S20', '2021-08-23 13:04:20', 5, NULL),
(15, 12, 'Metro', 'iPhone 11', '2021-08-23 15:27:51', 5, NULL),
(183, 10, 'Harvey Norman', 'iPhone 11', '2021-08-23 16:59:44', 4, NULL),
(282, 6, 'Parisilk', 'iPhone Xs', '2021-08-23 17:23:46', 4, NULL),
(198, 1, 'Courts', 'iPhone 11', '2021-08-23 19:08:37', 4, NULL),
(43, 20, 'CR Group', 'iPhone 12', '2021-08-23 21:17:14', 4, NULL),
(156, 4, 'Parisilk', 'iPhone 11', '2021-08-23 21:36:49', 4, NULL),
(189, 15, 'Harvey Norman', 'iPhone 12', '2021-08-23 22:45:11', 5, NULL),
(177, 18, 'CR Group', 'iPhone Xs', '2021-08-23 23:23:24', 4, NULL),
(71, 2, 'CR Group', 'Samsung Galaxy S21', '2021-08-24 01:32:05', 5, NULL),
(191, 6, 'Harvey Norman', 'iPhone 11', '2021-08-24 01:38:15', 5, NULL),
(130, 2, 'Parisilk', 'iPhone 11', '2021-08-24 02:00:46', 4, NULL),
(150, 20, 'Gain City', 'Samsung Galaxy S20', '2021-08-24 03:30:30', 4, NULL),
(131, 18, 'Best Denki', 'iPhone Xs', '2021-08-24 04:51:47', 4, NULL),
(164, 9, 'Gain City', 'Samsung Galaxy S20', '2021-08-24 06:57:33', 4, NULL),
(160, 12, 'Best Denki', 'Samsung Galaxy S21', '2021-08-24 07:10:52', 5, NULL),
(85, 18, 'Parisilk', 'Samsung Galaxy S21', '2021-08-24 07:17:09', 4, NULL),
(277, 14, 'Parisilk', 'Samsung Galaxy S21', '2021-08-24 09:06:45', 5, NULL),
(148, 11, 'Harvey Norman', 'Samsung Galaxy S21', '2021-08-24 11:17:35', 4, NULL),
(144, 14, 'Harvey Norman', 'Samsung Galaxy S20', '2021-08-24 12:03:51', 5, NULL),
(77, 9, 'Best Denki', 'iPhone Xs', '2021-08-24 14:14:10', 4, NULL),
(77, 10, 'Courts', 'Samsung Galaxy S20', '2021-08-24 16:11:44', 4, NULL),
(42, 12, 'Courts', 'iPhone 11', '2021-08-24 18:04:40', 4, NULL),
(122, 8, 'Metro', 'iPhone Xs', '2021-08-24 20:05:55', 5, NULL),
(299, 1, 'Parisilk', 'iPhone Xs', '2021-08-24 20:11:34', 5, NULL),
(173, 17, 'Parisilk', 'Samsung Galaxy S21', '2021-08-24 22:35:07', 4, NULL),
(125, 19, 'Metro', 'Samsung Galaxy S20', '2021-08-25 00:24:41', 5, NULL),
(31, 1, 'Metro', 'Samsung Galaxy S20', '2021-08-25 00:31:40', 5, NULL),
(161, 5, 'Courts', 'iPhone 12', '2021-08-25 02:07:15', 4, NULL),
(241, 14, 'CR Group', 'iPhone 11', '2021-08-25 03:08:14', 4, NULL),
(1, 4, 'Harvey Norman', 'Samsung Galaxy S21', '2021-08-25 03:41:32', 5, NULL),
(261, 2, 'CR Group', 'Samsung Galaxy S21', '2021-08-25 04:55:06', 5, NULL),
(136, 10, 'Best Denki', 'Samsung Galaxy S21', '2021-08-25 05:43:08', 5, NULL),
(227, 15, 'Courts', 'iPhone 12', '2021-08-25 07:52:34', 4, NULL),
(131, 4, 'Parisilk', 'Samsung Galaxy S20', '2021-08-25 08:25:27', 4, NULL),
(133, 8, 'Best Denki', 'iPhone 11', '2021-08-25 09:48:51', 4, NULL),
(220, 8, 'Metro', 'iPhone Xs', '2021-08-25 11:25:43', 4, NULL),
(1, 2, 'Courts', 'Samsung Galaxy S20', '2021-08-25 12:50:23', 4, NULL),
(36, 8, 'Harvey Norman', 'iPhone Xs', '2021-08-25 13:54:28', 5, NULL),
(196, 3, 'Courts', 'iPhone 11', '2021-08-25 15:51:22', 5, NULL),
(257, 11, 'Harvey Norman', 'Samsung Galaxy S20', '2021-08-25 15:54:57', 5, NULL),
(217, 6, 'Best Denki', 'iPhone 11', '2021-08-25 16:39:30', 5, NULL),
(265, 10, 'Best Denki', 'iPhone 11', '2021-08-25 17:58:18', 4, NULL),
(115, 12, 'Courts', 'iPhone 11', '2021-08-25 19:17:13', 5, NULL),
(5, 1, 'Harvey Norman', 'iPhone 11', '2021-08-25 20:41:13', 4, NULL),
(42, 4, 'Best Denki', 'Samsung Galaxy S20', '2021-08-25 21:18:44', 4, NULL),
(64, 3, 'CR Group', 'iPhone 12', '2021-08-25 22:11:55', 5, NULL),
(132, 13, 'Gain City', 'Samsung Galaxy S20', '2021-08-25 22:17:00', 4, NULL),
(1, 9, 'Gain City', 'iPhone 12', '2021-08-25 22:17:07', 4, NULL),
(75, 7, 'Harvey Norman', 'iPhone 12', '2021-08-25 23:10:48', 4, NULL),
(207, 13, 'Courts', 'Samsung Galaxy S20', '2021-08-26 01:23:06', 5, NULL),
(91, 19, 'Gain City', 'iPhone Xs', '2021-08-26 02:20:47', 4, NULL),
(229, 6, 'Metro', 'Samsung Galaxy S21', '2021-08-26 04:39:31', 4, NULL),
(131, 20, 'Gain City', 'iPhone 11', '2021-08-26 04:57:18', 5, NULL),
(179, 5, 'Courts', 'Samsung Galaxy S20', '2021-08-26 07:18:54', 5, NULL),
(112, 13, 'CR Group', 'iPhone 11', '2021-08-26 08:18:11', 4, NULL),
(136, 13, 'Best Denki', 'Samsung Galaxy S21', '2021-08-26 10:01:00', 5, NULL),
(43, 5, 'Metro', 'iPhone 12', '2021-08-26 11:22:11', 4, NULL),
(88, 20, 'Best Denki', 'iPhone Xs', '2021-08-26 12:39:01', 5, NULL),
(67, 10, 'Parisilk', 'iPhone 11', '2021-08-26 13:38:13', 5, NULL),
(58, 19, 'CR Group', 'iPhone 11', '2021-08-26 13:46:57', 4, NULL),
(93, 10, 'Parisilk', 'iPhone Xs', '2021-08-26 15:01:27', 4, NULL),
(104, 4, 'Best Denki', 'Samsung Galaxy S21', '2021-08-26 15:08:06', 5, NULL),
(191, 7, 'CR Group', 'iPhone 12', '2021-08-26 15:12:13', 5, NULL),
(207, 18, 'Harvey Norman', 'iPhone Xs', '2021-08-26 17:31:10', 4, NULL),
(136, 8, 'Parisilk', 'iPhone Xs', '2021-08-26 18:28:23', 5, NULL),
(28, 4, 'Harvey Norman', 'iPhone 11', '2021-08-26 19:16:14', 4, NULL),
(192, 9, 'Harvey Norman', 'iPhone 12', '2021-08-26 19:55:40', 5, NULL),
(102, 3, 'Harvey Norman', 'Samsung Galaxy S20', '2021-08-26 20:56:01', 5, NULL),
(75, 8, 'Metro', 'Samsung Galaxy S21', '2021-08-26 22:58:21', 4, NULL),
(259, 20, 'Courts', 'iPhone 12', '2021-08-27 00:03:26', 4, NULL),
(154, 10, 'Best Denki', 'Samsung Galaxy S21', '2021-08-27 01:01:10', 4, NULL),
(130, 2, 'Best Denki', 'Samsung Galaxy S20', '2021-08-27 03:17:26', 5, NULL),
(103, 6, 'CR Group', 'iPhone Xs', '2021-08-27 04:26:48', 5, NULL),
(215, 3, 'Courts', 'iPhone 12', '2021-08-27 06:24:21', 4, NULL),
(244, 10, 'Best Denki', 'iPhone 11', '2021-08-27 07:34:55', 5, NULL),
(177, 15, 'Courts', 'iPhone Xs', '2021-08-27 09:19:38', 4, NULL),
(163, 19, 'Gain City', 'iPhone 11', '2021-08-27 09:58:09', 4, NULL),
(73, 4, 'Courts', 'iPhone Xs', '2021-08-27 11:30:06', 4, NULL),
(245, 10, 'Best Denki', 'iPhone Xs', '2021-08-27 11:36:29', 4, NULL),
(178, 17, 'CR Group', 'iPhone Xs', '2021-08-27 11:44:03', 5, NULL),
(17, 10, 'Parisilk', 'iPhone 12', '2021-08-27 13:42:18', 5, NULL),
(191, 12, 'Parisilk', 'Samsung Galaxy S20', '2021-08-27 14:51:05', 5, NULL),
(96, 7, 'CR Group', 'iPhone 12', '2021-08-27 14:54:33', 5, NULL),
(133, 8, 'Courts', 'Samsung Galaxy S21', '2021-08-27 16:10:23', 5, NULL),
(112, 8, 'Best Denki', 'Samsung Galaxy S20', '2021-08-27 17:41:41', 4, NULL),
(15, 11, 'Harvey Norman', 'iPhone 11', '2021-08-27 19:28:28', 4, NULL),
(202, 18, 'Gain City', 'Samsung Galaxy S20', '2021-08-27 21:01:09', 4, NULL),
(150, 19, 'Courts', 'iPhone 12', '2021-08-27 21:31:08', 4, NULL),
(159, 12, 'Metro', 'iPhone Xs', '2021-08-27 22:48:01', 5, NULL),
(258, 11, 'Courts', 'iPhone Xs', '2021-08-28 00:23:18', 4, NULL),
(38, 14, 'Gain City', 'iPhone Xs', '2021-08-28 02:40:09', 5, NULL),
(72, 18, 'Gain City', 'iPhone Xs', '2021-08-28 04:15:29', 4, NULL),
(275, 3, 'Harvey Norman', 'iPhone Xs', '2021-08-28 04:27:58', 4, NULL),
(130, 4, 'CR Group', 'iPhone 11', '2021-08-28 05:30:26', 4, NULL),
(282, 19, 'Gain City', 'iPhone 12', '2021-08-28 07:07:03', 5, NULL),
(125, 12, 'Metro', 'iPhone 12', '2021-08-28 08:50:44', 4, NULL),
(155, 5, 'Metro', 'iPhone 11', '2021-08-28 09:46:44', 4, NULL),
(208, 6, 'CR Group', 'Samsung Galaxy S20', '2021-08-28 12:00:51', 4, NULL),
(156, 17, 'Best Denki', 'iPhone 11', '2021-08-28 12:10:05', 5, NULL),
(293, 8, 'Harvey Norman', 'iPhone 11', '2021-08-28 13:36:15', 5, NULL),
(153, 6, 'Gain City', 'Samsung Galaxy S20', '2021-08-28 15:20:02', 4, NULL),
(188, 18, 'CR Group', 'iPhone 12', '2021-08-28 16:52:28', 5, NULL),
(248, 7, 'CR Group', 'iPhone 11', '2021-08-28 18:11:10', 4, NULL),
(144, 16, 'Metro', 'Samsung Galaxy S21', '2021-08-28 20:21:30', 5, NULL),
(99, 4, 'Best Denki', 'Samsung Galaxy S21', '2021-08-28 22:20:46', 4, NULL),
(261, 7, 'Metro', 'iPhone 12', '2021-08-28 22:56:27', 4, NULL),
(177, 14, 'Harvey Norman', 'Samsung Galaxy S21', '2021-08-29 00:34:17', 4, NULL),
(140, 13, 'Harvey Norman', 'iPhone Xs', '2021-08-29 02:56:15', 5, NULL),
(14, 15, 'CR Group', 'iPhone 11', '2021-08-29 03:21:36', 5, NULL),
(86, 9, 'Metro', 'iPhone 11', '2021-08-29 04:45:37', 5, NULL),
(143, 2, 'Harvey Norman', 'iPhone 11', '2021-08-29 06:25:01', 4, NULL),
(149, 19, 'Courts', 'iPhone 12', '2021-08-29 06:25:05', 5, NULL),
(153, 20, 'Gain City', 'iPhone 11', '2021-08-29 07:19:52', 4, NULL),
(150, 8, 'Best Denki', 'iPhone 12', '2021-08-29 08:36:48', 4, NULL),
(52, 2, 'Best Denki', 'iPhone 12', '2021-08-29 08:49:08', 5, NULL),
(148, 19, 'Best Denki', 'iPhone 11', '2021-08-29 09:03:56', 4, NULL),
(29, 9, 'Harvey Norman', 'Samsung Galaxy S20', '2021-08-29 09:28:02', 4, NULL),
(81, 20, 'Courts', 'iPhone 12', '2021-08-29 11:24:59', 4, NULL),
(163, 17, 'Metro', 'iPhone 11', '2021-08-29 11:34:18', 4, NULL),
(107, 13, 'Metro', 'iPhone 11', '2021-08-29 11:49:38', 5, NULL),
(23, 14, 'Parisilk', 'Samsung Galaxy S21', '2021-08-29 13:19:57', 4, NULL),
(188, 10, 'Parisilk', 'iPhone Xs', '2021-08-29 14:23:23', 4, NULL),
(117, 16, 'Parisilk', 'Samsung Galaxy S20', '2021-08-29 15:19:00', 5, NULL),
(204, 10, 'Gain City', 'iPhone 11', '2021-08-29 15:26:27', 5, NULL),
(143, 18, 'Gain City', 'Samsung Galaxy S20', '2021-08-29 16:01:01', 5, NULL),
(214, 1, 'Courts', 'iPhone Xs', '2021-08-29 16:32:12', 4, NULL),
(23, 13, 'Courts', 'iPhone 11', '2021-08-29 16:39:52', 5, NULL),
(277, 18, 'Metro', 'iPhone 12', '2021-08-29 17:04:27', 4, NULL),
(49, 5, 'Gain City', 'iPhone 11', '2021-08-29 17:23:29', 5, NULL),
(111, 15, 'Best Denki', 'iPhone 11', '2021-08-29 18:17:08', 5, NULL),
(75, 4, 'CR Group', 'iPhone 11', '2021-08-29 19:56:49', 4, NULL),
(66, 3, 'Courts', 'iPhone Xs', '2021-08-29 21:58:02', 4, NULL),
(68, 17, 'Courts', 'Samsung Galaxy S21', '2021-08-29 22:39:30', 4, NULL),
(171, 12, 'Best Denki', 'iPhone Xs', '2021-08-29 23:02:43', 5, NULL),
(61, 8, 'Harvey Norman', 'Samsung Galaxy S20', '2021-08-30 00:54:07', 4, NULL),
(197, 1, 'Courts', 'Samsung Galaxy S20', '2021-08-30 01:31:52', 4, NULL),
(46, 9, 'Harvey Norman', 'Samsung Galaxy S20', '2021-08-30 03:55:04', 5, NULL),
(289, 9, 'Gain City', 'Samsung Galaxy S21', '2021-08-30 04:10:13', 5, NULL),
(266, 15, 'Parisilk', 'iPhone 12', '2021-08-30 06:18:47', 5, NULL),
(219, 14, 'Best Denki', 'iPhone 12', '2021-08-30 08:04:22', 4, NULL),
(74, 1, 'Courts', 'Samsung Galaxy S20', '2021-08-30 09:33:25', 5, NULL),
(295, 5, 'Parisilk', 'iPhone Xs', '2021-08-30 10:04:02', 5, NULL),
(139, 16, 'Harvey Norman', 'Samsung Galaxy S20', '2021-08-30 10:28:58', 4, NULL),
(108, 3, 'CR Group', 'iPhone Xs', '2021-08-30 12:01:40', 4, NULL),
(197, 17, 'Metro', 'iPhone Xs', '2021-08-30 14:16:06', 4, NULL),
(30, 4, 'Best Denki', 'Samsung Galaxy S20', '2021-08-30 15:34:30', 4, NULL),
(133, 16, 'Best Denki', 'Samsung Galaxy S21', '2021-08-30 16:42:53', 5, NULL),
(252, 7, 'CR Group', 'Samsung Galaxy S21', '2021-08-30 17:51:14', 4, NULL),
(2, 11, 'Gain City', 'iPhone 11', '2021-08-30 19:17:27', 5, NULL),
(26, 15, 'Gain City', 'iPhone Xs', '2021-08-30 19:37:38', 4, NULL),
(220, 15, 'Best Denki', 'Samsung Galaxy S21', '2021-08-30 20:50:27', 4, NULL),
(236, 20, 'Parisilk', 'iPhone 11', '2021-08-30 21:47:08', 4, NULL),
(279, 18, 'Gain City', 'Samsung Galaxy S20', '2021-08-30 21:57:08', 5, NULL),
(126, 16, 'Courts', 'iPhone 12', '2021-08-30 23:02:26', 4, NULL),
(203, 8, 'Courts', 'iPhone Xs', '2021-08-30 23:19:15', 4, NULL),
(84, 20, 'Harvey Norman', 'iPhone 11', '2021-08-31 00:04:04', 4, NULL),
(45, 4, 'Metro', 'iPhone 11', '2021-08-31 00:28:42', 4, NULL),
(49, 12, 'Gain City', 'iPhone 12', '2021-08-31 00:48:16', 4, NULL),
(37, 1, 'Parisilk', 'Samsung Galaxy S21', '2021-08-31 00:53:05', 5, NULL),
(3, 14, 'CR Group', 'iPhone 11', '2021-08-31 02:16:53', 4, NULL),
(179, 16, 'Parisilk', 'iPhone 12', '2021-08-31 04:12:47', 4, NULL),
(36, 9, 'Gain City', 'iPhone Xs', '2021-08-31 04:43:23', 5, NULL),
(220, 11, 'Best Denki', 'Samsung Galaxy S20', '2021-08-31 04:47:09', 5, NULL),
(176, 7, 'Harvey Norman', 'iPhone Xs', '2021-08-31 06:55:35', 4, NULL),
(254, 20, 'Gain City', 'Samsung Galaxy S21', '2021-08-31 08:46:13', 5, NULL),
(76, 18, 'Harvey Norman', 'iPhone 12', '2021-08-31 09:49:52', 4, NULL),
(97, 16, 'Best Denki', 'iPhone Xs', '2021-08-31 09:57:58', 4, NULL),
(229, 4, 'Gain City', 'iPhone Xs', '2021-08-31 10:34:43', 4, NULL),
(220, 14, 'Harvey Norman', 'Samsung Galaxy S21', '2021-08-31 11:42:43', 5, NULL),
(272, 18, 'Gain City', 'iPhone 11', '2021-08-31 13:55:55', 4, NULL),
(233, 3, 'Harvey Norman', 'Samsung Galaxy S20', '2021-08-31 14:31:16', 4, NULL),
(214, 8, 'Parisilk', 'iPhone Xs', '2021-08-31 15:37:10', 5, NULL),
(63, 2, 'Harvey Norman', 'Samsung Galaxy S21', '2021-08-31 16:37:23', 4, NULL),
(184, 12, 'Metro', 'iPhone Xs', '2021-08-31 18:36:44', 4, NULL),
(61, 13, 'Gain City', 'Samsung Galaxy S21', '2021-08-31 20:05:01', 5, NULL),
(67, 17, 'Gain City', 'iPhone 12', '2021-08-31 21:50:35', 4, NULL),
(217, 13, 'Gain City', 'iPhone 12', '2021-08-31 23:24:42', 4, NULL),
(259, 1, 'Parisilk', 'iPhone Xs', '2021-09-01 00:28:03', 4, NULL),
(95, 20, 'CR Group', 'Samsung Galaxy S20', '2021-09-01 01:25:30', 5, NULL),
(32, 1, 'Courts', 'Samsung Galaxy S20', '2021-09-01 03:40:07', 4, NULL),
(61, 16, 'Parisilk', 'Samsung Galaxy S20', '2021-09-01 03:50:19', 4, NULL),
(188, 6, 'Courts', 'iPhone Xs', '2021-09-01 05:18:46', 4, NULL),
(206, 18, 'Metro', 'iPhone 11', '2021-09-01 06:24:03', 5, NULL),
(255, 16, 'CR Group', 'iPhone 12', '2021-09-01 08:43:49', 5, NULL),
(121, 20, 'Metro', 'iPhone Xs', '2021-09-01 09:32:09', 5, NULL),
(268, 14, 'Harvey Norman', 'iPhone Xs', '2021-09-01 09:47:10', 4, NULL),
(135, 11, 'Harvey Norman', 'iPhone 12', '2021-09-01 11:13:49', 5, NULL),
(28, 4, 'Metro', 'iPhone Xs', '2021-09-01 13:11:30', 4, NULL),
(238, 9, 'Courts', 'iPhone Xs', '2021-09-01 14:13:50', 4, NULL),
(30, 4, 'Gain City', 'iPhone Xs', '2021-09-01 14:37:45', 5, NULL),
(62, 13, 'Metro', 'iPhone 12', '2021-09-01 14:56:11', 5, NULL),
(92, 19, 'Parisilk', 'Samsung Galaxy S20', '2021-09-01 17:18:51', 4, NULL),
(131, 11, 'Parisilk', 'iPhone 11', '2021-09-01 18:03:14', 4, NULL),
(257, 17, 'CR Group', 'Samsung Galaxy S21', '2021-09-01 18:48:20', 4, NULL),
(126, 14, 'Parisilk', 'iPhone Xs', '2021-09-01 20:01:03', 5, NULL),
(184, 13, 'Best Denki', 'iPhone 12', '2021-09-01 22:19:44', 5, NULL),
(79, 18, 'Harvey Norman', 'Samsung Galaxy S20', '2021-09-02 00:21:27', 4, NULL),
(297, 12, 'CR Group', 'Samsung Galaxy S21', '2021-09-02 00:32:52', 5, NULL),
(82, 19, 'Parisilk', 'Samsung Galaxy S21', '2021-09-02 01:15:21', 4, NULL),
(184, 16, 'Courts', 'Samsung Galaxy S21', '2021-09-02 02:47:33', 4, NULL),
(275, 2, 'CR Group', 'iPhone Xs', '2021-09-02 03:54:55', 4, NULL),
(162, 12, 'CR Group', 'iPhone 11', '2021-09-02 04:19:54', 4, NULL),
(37, 15, 'Courts', 'Samsung Galaxy S21', '2021-09-02 06:00:43', 5, NULL),
(193, 16, 'Best Denki', 'iPhone 11', '2021-09-02 07:39:34', 5, NULL),
(295, 20, 'Metro', 'Samsung Galaxy S20', '2021-09-02 10:02:00', 5, NULL),
(8, 13, 'Best Denki', 'iPhone 11', '2021-09-02 11:09:27', 5, NULL),
(272, 9, 'Courts', 'iPhone 12', '2021-09-02 12:34:18', 4, NULL),
(286, 3, 'Metro', 'iPhone 11', '2021-09-02 12:59:25', 4, NULL),
(192, 4, 'Best Denki', 'Samsung Galaxy S21', '2021-09-02 15:13:54', 5, NULL),
(11, 11, 'Best Denki', 'iPhone 11', '2021-09-02 17:16:08', 4, NULL),
(152, 11, 'Harvey Norman', 'Samsung Galaxy S21', '2021-09-02 19:33:29', 4, NULL),
(251, 19, 'Courts', 'Samsung Galaxy S21', '2021-09-02 21:24:33', 5, NULL),
(16, 13, 'Metro', 'Samsung Galaxy S21', '2021-09-02 22:30:09', 4, NULL),
(239, 6, 'Metro', 'iPhone Xs', '2021-09-02 22:39:49', 5, NULL),
(8, 10, 'Courts', 'iPhone Xs', '2021-09-03 00:13:53', 5, NULL),
(266, 15, 'Metro', 'iPhone Xs', '2021-09-03 01:14:37', 5, NULL),
(170, 15, 'Gain City', 'iPhone 12', '2021-09-03 01:35:10', 4, NULL),
(89, 5, 'Parisilk', 'Samsung Galaxy S21', '2021-09-03 02:32:39', 5, NULL),
(297, 17, 'CR Group', 'iPhone Xs', '2021-09-03 04:56:06', 5, NULL),
(77, 4, 'Metro', 'Samsung Galaxy S20', '2021-09-03 05:37:54', 4, NULL),
(174, 1, 'Courts', 'Samsung Galaxy S21', '2021-09-03 06:44:30', 4, NULL),
(65, 14, 'CR Group', 'iPhone 12', '2021-09-03 06:55:36', 5, NULL),
(10, 4, 'Gain City', 'Samsung Galaxy S21', '2021-09-03 07:21:05', 4, NULL),
(254, 14, 'Gain City', 'iPhone 11', '2021-09-03 08:38:12', 4, NULL),
(115, 2, 'Parisilk', 'iPhone Xs', '2021-09-03 09:24:45', 5, NULL),
(232, 15, 'Gain City', 'iPhone 12', '2021-09-03 09:51:33', 4, NULL),
(104, 1, 'Courts', 'iPhone 12', '2021-09-03 11:51:56', 5, NULL),
(66, 6, 'Gain City', 'iPhone 11', '2021-09-03 12:42:31', 4, NULL),
(155, 14, 'Harvey Norman', 'iPhone Xs', '2021-09-03 13:19:32', 5, NULL),
(140, 11, 'Harvey Norman', 'iPhone 12', '2021-09-03 15:37:15', 5, NULL),
(40, 6, 'Parisilk', 'Samsung Galaxy S20', '2021-09-03 15:43:33', 5, NULL),
(44, 1, 'Courts', 'iPhone 11', '2021-09-03 17:07:36', 4, NULL),
(64, 13, 'Harvey Norman', 'iPhone 11', '2021-09-03 17:10:28', 5, NULL),
(155, 10, 'Gain City', 'Samsung Galaxy S20', '2021-09-03 17:32:47', 5, NULL),
(206, 13, 'Harvey Norman', 'iPhone Xs', '2021-09-03 19:31:37', 4, NULL),
(169, 3, 'Metro', 'iPhone 12', '2021-09-03 19:54:16', 5, NULL),
(103, 12, 'Gain City', 'Samsung Galaxy S21', '2021-09-03 22:16:09', 5, NULL),
(249, 16, 'Courts', 'Samsung Galaxy S21', '2021-09-03 23:40:55', 5, NULL),
(64, 8, 'Gain City', 'iPhone Xs', '2021-09-04 01:55:00', 4, NULL),
(281, 1, 'Harvey Norman', 'iPhone 11', '2021-09-04 03:04:35', 5, NULL),
(255, 15, 'Courts', 'Samsung Galaxy S21', '2021-09-04 04:26:35', 5, NULL),
(42, 7, 'Best Denki', 'iPhone 12', '2021-09-04 05:47:54', 4, NULL),
(138, 9, 'Courts', 'Samsung Galaxy S21', '2021-09-04 08:03:56', 5, NULL),
(288, 12, 'Harvey Norman', 'iPhone Xs', '2021-09-04 08:04:24', 4, NULL),
(3, 13, 'Courts', 'Samsung Galaxy S20', '2021-09-04 08:13:55', 4, NULL),
(6, 20, 'Harvey Norman', 'Samsung Galaxy S21', '2021-09-04 09:29:45', 5, NULL),
(78, 10, 'Best Denki', 'iPhone Xs', '2021-09-04 11:48:22', 5, NULL),
(237, 17, 'Gain City', 'iPhone Xs', '2021-09-04 11:52:48', 4, NULL),
(31, 6, 'Parisilk', 'iPhone 11', '2021-09-04 13:32:38', 5, NULL),
(145, 13, 'Parisilk', 'Samsung Galaxy S20', '2021-09-04 15:53:38', 5, NULL),
(190, 12, 'Gain City', 'Samsung Galaxy S20', '2021-09-04 15:58:35', 5, NULL),
(4, 12, 'Courts', 'Samsung Galaxy S20', '2021-09-04 16:11:45', 5, NULL),
(268, 17, 'CR Group', 'iPhone 12', '2021-09-04 17:02:56', 5, NULL),
(263, 10, 'Metro', 'iPhone Xs', '2021-09-04 17:38:44', 4, NULL),
(196, 9, 'Best Denki', 'iPhone Xs', '2021-09-04 18:16:03', 5, NULL),
(258, 15, 'Metro', 'Samsung Galaxy S20', '2021-09-04 18:21:04', 4, NULL),
(38, 6, 'Metro', 'iPhone 11', '2021-09-04 19:49:46', 5, NULL),
(268, 18, 'Gain City', 'Samsung Galaxy S21', '2021-09-04 21:14:19', 4, NULL),
(137, 5, 'Harvey Norman', 'Samsung Galaxy S20', '2021-09-04 23:29:48', 5, NULL),
(84, 4, 'Parisilk', 'iPhone Xs', '2021-09-05 00:12:11', 5, NULL),
(224, 8, 'Best Denki', 'iPhone 12', '2021-09-05 01:43:20', 4, NULL),
(176, 13, 'CR Group', 'Samsung Galaxy S21', '2021-09-05 03:12:44', 5, NULL),
(247, 12, 'Best Denki', 'Samsung Galaxy S20', '2021-09-05 04:23:03', 4, NULL),
(248, 5, 'Harvey Norman', 'iPhone 12', '2021-09-05 06:18:42', 5, NULL),
(228, 15, 'CR Group', 'iPhone 12', '2021-09-05 07:11:44', 5, NULL),
(138, 5, 'Metro', 'Samsung Galaxy S21', '2021-09-05 07:35:53', 4, NULL),
(147, 14, 'Gain City', 'Samsung Galaxy S21', '2021-09-05 09:31:43', 5, NULL),
(147, 6, 'Gain City', 'iPhone 12', '2021-09-05 10:06:34', 4, NULL),
(245, 7, 'Harvey Norman', 'iPhone 12', '2021-09-05 10:35:20', 4, NULL),
(239, 2, 'Harvey Norman', 'Samsung Galaxy S20', '2021-09-05 10:36:21', 4, NULL),
(28, 13, 'Metro', 'iPhone Xs', '2021-09-05 12:25:31', 5, NULL),
(7, 2, 'CR Group', 'Samsung Galaxy S20', '2021-09-05 13:35:51', 4, NULL),
(99, 1, 'CR Group', 'Samsung Galaxy S21', '2021-09-05 14:02:43', 5, NULL),
(199, 18, 'Parisilk', 'Samsung Galaxy S21', '2021-09-05 14:41:09', 4, NULL),
(227, 16, 'Best Denki', 'Samsung Galaxy S21', '2021-09-05 16:59:09', 5, NULL),
(156, 9, 'Courts', 'iPhone 11', '2021-09-05 17:51:44', 4, NULL),
(206, 10, 'Parisilk', 'iPhone 11', '2021-09-05 19:20:57', 5, NULL),
(66, 19, 'Parisilk', 'Samsung Galaxy S20', '2021-09-05 21:04:10', 5, NULL),
(220, 6, 'Parisilk', 'iPhone 11', '2021-09-05 22:09:17', 5, NULL),
(147, 4, 'Metro', 'iPhone Xs', '2021-09-05 22:16:06', 4, NULL),
(127, 1, 'Parisilk', 'iPhone Xs', '2021-09-05 22:40:22', 5, NULL),
(55, 10, 'Metro', 'iPhone 11', '2021-09-05 23:38:15', 4, NULL),
(75, 9, 'Metro', 'Samsung Galaxy S21', '2021-09-06 00:01:51', 5, NULL),
(296, 10, 'Harvey Norman', 'iPhone 12', '2021-09-06 01:52:54', 4, NULL),
(139, 14, 'Metro', 'Samsung Galaxy S20', '2021-09-06 04:01:06', 5, NULL),
(202, 8, 'Best Denki', 'iPhone 11', '2021-09-06 05:46:38', 4, NULL),
(149, 17, 'Metro', 'Samsung Galaxy S21', '2021-09-06 07:49:58', 5, NULL),
(256, 11, 'CR Group', 'Samsung Galaxy S21', '2021-09-06 09:47:36', 5, NULL),
(154, 10, 'Courts', 'iPhone 12', '2021-09-06 11:13:04', 5, NULL),
(272, 16, 'Courts', 'iPhone 11', '2021-09-06 12:05:05', 5, NULL),
(46, 9, 'Harvey Norman', 'iPhone 12', '2021-09-06 12:26:54', 5, NULL),
(147, 7, 'Harvey Norman', 'iPhone 11', '2021-09-06 12:38:52', 4, NULL),
(112, 20, 'Courts', 'iPhone 11', '2021-09-06 14:02:25', 4, NULL),
(180, 19, 'Best Denki', 'iPhone Xs', '2021-09-06 16:13:33', 4, NULL),
(52, 6, 'CR Group', 'iPhone 12', '2021-09-06 17:50:27', 5, NULL),
(74, 16, 'CR Group', 'Samsung Galaxy S20', '2021-09-06 20:08:41', 5, NULL),
(170, 10, 'Courts', 'iPhone Xs', '2021-09-06 21:30:57', 4, NULL),
(103, 8, 'Gain City', 'iPhone 12', '2021-09-06 23:42:18', 4, NULL),
(134, 8, 'Gain City', 'iPhone Xs', '2021-09-07 01:22:19', 4, NULL),
(239, 18, 'Parisilk', 'Samsung Galaxy S20', '2021-09-07 02:51:29', 4, NULL),
(279, 15, 'Parisilk', 'iPhone Xs', '2021-09-07 04:34:24', 4, NULL),
(160, 18, 'CR Group', 'Samsung Galaxy S20', '2021-09-07 04:47:17', 5, NULL),
(300, 9, 'Metro', 'iPhone 11', '2021-09-07 06:38:01', 4, NULL),
(210, 13, 'Courts', 'iPhone 12', '2021-09-07 07:19:19', 4, NULL),
(272, 20, 'Metro', 'Samsung Galaxy S21', '2021-09-07 09:32:28', 5, NULL),
(7, 15, 'Harvey Norman', 'Samsung Galaxy S21', '2021-09-07 10:42:58', 4, NULL),
(244, 4, 'Gain City', 'iPhone 12', '2021-09-07 12:21:26', 5, NULL),
(189, 3, 'Courts', 'iPhone 12', '2021-09-07 13:39:44', 4, NULL),
(55, 6, 'Courts', 'iPhone 12', '2021-09-07 14:44:10', 4, NULL),
(17, 11, 'Courts', 'iPhone 12', '2021-09-07 16:40:37', 4, NULL),
(256, 17, 'Metro', 'Samsung Galaxy S20', '2021-09-07 18:29:58', 4, NULL),
(214, 2, 'Parisilk', 'iPhone 11', '2021-09-07 18:59:24', 5, NULL),
(298, 12, 'Gain City', 'iPhone 11', '2021-09-07 20:07:16', 4, NULL),
(158, 18, 'Metro', 'Samsung Galaxy S20', '2021-09-07 21:44:27', 4, NULL),
(2, 6, 'Harvey Norman', 'iPhone Xs', '2021-09-07 23:58:11', 4, NULL),
(221, 7, 'CR Group', 'Samsung Galaxy S21', '2021-09-08 02:03:00', 5, NULL),
(222, 6, 'CR Group', 'Samsung Galaxy S21', '2021-09-08 03:58:30', 5, NULL),
(67, 14, 'Best Denki', 'Samsung Galaxy S20', '2021-09-08 05:20:27', 5, NULL),
(190, 13, 'Best Denki', 'iPhone 11', '2021-09-08 05:59:19', 5, NULL),
(273, 5, 'CR Group', 'iPhone Xs', '2021-09-08 07:54:15', 4, NULL),
(290, 4, 'CR Group', 'iPhone 11', '2021-09-08 08:10:04', 5, NULL),
(77, 5, 'Metro', 'iPhone 11', '2021-09-08 09:27:22', 4, NULL),
(29, 14, 'Metro', 'iPhone 11', '2021-09-08 11:02:00', 5, NULL),
(133, 8, 'Best Denki', 'iPhone Xs', '2021-09-08 12:02:36', 4, NULL),
(168, 16, 'Parisilk', 'iPhone Xs', '2021-09-08 12:05:33', 5, NULL),
(136, 13, 'Metro', 'Samsung Galaxy S21', '2021-09-08 14:05:09', 4, NULL),
(84, 4, 'Parisilk', 'iPhone 12', '2021-09-08 16:26:02', 4, NULL),
(4, 8, 'Harvey Norman', 'iPhone Xs', '2021-09-08 17:09:15', 4, NULL),
(293, 12, 'Harvey Norman', 'Samsung Galaxy S20', '2021-09-08 18:03:10', 5, NULL),
(41, 12, 'Best Denki', 'Samsung Galaxy S21', '2021-09-08 18:24:26', 5, NULL),
(66, 11, 'Metro', 'Samsung Galaxy S21', '2021-09-08 20:39:11', 5, NULL),
(273, 6, 'Metro', 'iPhone 12', '2021-09-08 21:07:28', 5, NULL),
(215, 8, 'CR Group', 'iPhone 12', '2021-09-08 21:50:42', 5, NULL),
(125, 6, 'Metro', 'iPhone Xs', '2021-09-08 22:17:54', 4, NULL),
(79, 6, 'Parisilk', 'iPhone 12', '2021-09-09 00:10:34', 5, NULL),
(164, 16, 'Metro', 'Samsung Galaxy S21', '2021-09-09 01:14:58', 4, NULL),
(228, 4, 'Harvey Norman', 'iPhone 12', '2021-09-09 02:07:39', 5, NULL),
(231, 15, 'Harvey Norman', 'Samsung Galaxy S20', '2021-09-09 04:08:55', 5, NULL),
(241, 2, 'Harvey Norman', 'Samsung Galaxy S20', '2021-09-09 05:18:35', 5, NULL),
(213, 9, 'CR Group', 'Samsung Galaxy S21', '2021-09-09 06:53:56', 5, NULL),
(194, 3, 'Metro', 'Samsung Galaxy S20', '2021-09-09 09:11:59', 5, NULL),
(124, 3, 'Courts', 'iPhone Xs', '2021-09-09 10:12:43', 4, NULL),
(162, 15, 'Courts', 'iPhone Xs', '2021-09-09 11:52:07', 4, NULL),
(296, 5, 'Metro', 'Samsung Galaxy S20', '2021-09-09 13:01:49', 4, NULL),
(291, 5, 'Metro', 'iPhone 11', '2021-09-09 13:33:25', 5, NULL),
(239, 14, 'Courts', 'iPhone Xs', '2021-09-09 13:38:40', 5, NULL),
(105, 6, 'CR Group', 'Samsung Galaxy S20', '2021-09-09 15:05:34', 4, NULL),
(155, 12, 'Gain City', 'Samsung Galaxy S21', '2021-09-09 17:22:22', 5, NULL),
(161, 5, 'Metro', 'Samsung Galaxy S20', '2021-09-09 18:06:47', 4, NULL),
(62, 15, 'CR Group', 'iPhone 12', '2021-09-09 18:56:36', 4, NULL),
(95, 9, 'Harvey Norman', 'iPhone Xs', '2021-09-09 19:37:27', 5, NULL),
(82, 1, 'Parisilk', 'Samsung Galaxy S20', '2021-09-09 21:34:31', 5, NULL),
(42, 1, 'Metro', 'Samsung Galaxy S20', '2021-09-09 22:49:30', 5, NULL),
(140, 14, 'Best Denki', 'iPhone Xs', '2021-09-10 00:26:13', 5, NULL),
(80, 11, 'Metro', 'Samsung Galaxy S21', '2021-09-10 00:54:55', 5, NULL),
(298, 9, 'Harvey Norman', 'iPhone Xs', '2021-09-10 00:59:53', 5, NULL),
(269, 6, 'Parisilk', 'iPhone 11', '2021-09-10 02:51:54', 5, NULL),
(120, 17, 'Courts', 'Samsung Galaxy S20', '2021-09-10 04:29:24', 5, NULL),
(22, 8, 'Gain City', 'Samsung Galaxy S20', '2021-09-10 06:31:44', 5, NULL),
(264, 10, 'CR Group', 'iPhone 12', '2021-09-10 07:50:21', 4, NULL),
(120, 15, 'Metro', 'Samsung Galaxy S20', '2021-09-10 08:37:41', 5, NULL),
(209, 2, 'Gain City', 'iPhone Xs', '2021-09-10 10:04:05', 4, NULL),
(105, 15, 'Best Denki', 'Samsung Galaxy S20', '2021-09-10 10:19:41', 5, NULL),
(53, 7, 'Harvey Norman', 'iPhone 11', '2021-09-10 11:00:39', 4, NULL),
(146, 6, 'Best Denki', 'iPhone Xs', '2021-09-10 11:09:52', 5, NULL),
(231, 16, 'Best Denki', 'iPhone Xs', '2021-09-10 11:57:51', 4, NULL),
(223, 9, 'Harvey Norman', 'iPhone Xs', '2021-09-10 13:13:48', 5, NULL),
(273, 19, 'Courts', 'Samsung Galaxy S20', '2021-09-10 14:20:39', 5, NULL),
(75, 5, 'Courts', 'Samsung Galaxy S20', '2021-09-10 16:03:47', 5, NULL),
(12, 15, 'Metro', 'iPhone Xs', '2021-09-10 17:12:42', 5, NULL),
(253, 12, 'Courts', 'iPhone Xs', '2021-09-10 17:43:49', 5, NULL),
(281, 5, 'Courts', 'iPhone Xs', '2021-09-10 17:46:05', 5, NULL),
(30, 16, 'Parisilk', 'Samsung Galaxy S20', '2021-09-10 18:36:41', 4, NULL),
(39, 12, 'Best Denki', 'Samsung Galaxy S21', '2021-09-10 20:42:31', 4, NULL),
(286, 4, 'Courts', 'Samsung Galaxy S21', '2021-09-10 20:53:00', 5, NULL),
(264, 8, 'Best Denki', 'iPhone Xs', '2021-09-10 21:12:23', 5, NULL),
(5, 11, 'Harvey Norman', 'iPhone 12', '2021-09-10 23:34:45', 5, NULL),
(135, 6, 'Harvey Norman', 'Samsung Galaxy S21', '2021-09-11 01:57:07', 5, NULL),
(74, 5, 'Metro', 'Samsung Galaxy S21', '2021-09-11 02:08:18', 5, NULL),
(95, 18, 'Harvey Norman', 'iPhone 11', '2021-09-11 04:21:34', 4, NULL),
(273, 8, 'Gain City', 'Samsung Galaxy S20', '2021-09-11 06:28:38', 4, NULL),
(203, 13, 'Parisilk', 'iPhone 12', '2021-09-11 06:30:51', 5, NULL),
(222, 12, 'Gain City', 'Samsung Galaxy S20', '2021-09-11 06:42:33', 4, NULL),
(41, 14, 'Gain City', 'iPhone 11', '2021-09-11 07:10:13', 4, NULL),
(254, 14, 'Best Denki', 'Samsung Galaxy S21', '2021-09-11 09:32:48', 5, NULL),
(215, 15, 'Gain City', 'iPhone Xs', '2021-09-11 10:37:01', 5, NULL),
(82, 1, 'Parisilk', 'Samsung Galaxy S21', '2021-09-11 10:39:51', 5, NULL),
(250, 7, 'Parisilk', 'iPhone 11', '2021-09-11 11:56:47', 5, NULL),
(108, 19, 'Gain City', 'Samsung Galaxy S20', '2021-09-11 12:56:31', 4, NULL),
(258, 1, 'Courts', 'iPhone Xs', '2021-09-11 13:56:19', 5, NULL),
(51, 10, 'CR Group', 'iPhone 12', '2021-09-11 15:47:35', 5, NULL),
(33, 15, 'Courts', 'iPhone 12', '2021-09-11 15:53:06', 5, NULL),
(90, 12, 'Courts', 'iPhone Xs', '2021-09-11 16:15:52', 5, NULL),
(270, 13, 'Metro', 'iPhone 11', '2021-09-11 16:32:55', 5, NULL),
(184, 13, 'Parisilk', 'iPhone Xs', '2021-09-11 18:48:47', 4, NULL),
(16, 14, 'Best Denki', 'iPhone Xs', '2021-09-11 18:51:27', 4, NULL),
(248, 3, 'Best Denki', 'iPhone 12', '2021-09-11 19:42:00', 4, NULL),
(78, 1, 'Gain City', 'Samsung Galaxy S21', '2021-09-11 20:05:43', 5, NULL),
(218, 13, 'CR Group', 'iPhone Xs', '2021-09-11 21:44:00', 4, NULL),
(256, 9, 'Courts', 'Samsung Galaxy S20', '2021-09-11 22:50:35', 4, NULL),
(280, 12, 'CR Group', 'Samsung Galaxy S20', '2021-09-11 23:24:39', 4, NULL),
(78, 7, 'CR Group', 'Samsung Galaxy S20', '2021-09-12 01:22:18', 4, NULL),
(126, 13, 'Metro', 'iPhone 11', '2021-09-12 02:06:12', 4, NULL),
(296, 13, 'Courts', 'iPhone 11', '2021-09-12 02:14:27', 5, NULL),
(153, 17, 'Gain City', 'iPhone 12', '2021-09-12 03:37:09', 4, NULL),
(297, 9, 'Gain City', 'Samsung Galaxy S20', '2021-09-12 05:15:35', 4, NULL),
(130, 5, 'CR Group', 'Samsung Galaxy S20', '2021-09-12 07:19:13', 4, NULL),
(152, 18, 'Parisilk', 'iPhone 11', '2021-09-12 09:34:08', 5, NULL),
(132, 19, 'Courts', 'iPhone 11', '2021-09-12 11:30:14', 5, NULL),
(119, 10, 'CR Group', 'iPhone 11', '2021-09-12 12:53:42', 4, NULL),
(207, 3, 'Harvey Norman', 'Samsung Galaxy S21', '2021-09-12 15:16:02', 5, NULL),
(46, 2, 'Metro', 'iPhone 11', '2021-09-12 16:39:14', 4, NULL),
(86, 13, 'Courts', 'iPhone 12', '2021-09-12 17:19:12', 4, NULL),
(179, 20, 'CR Group', 'iPhone Xs', '2021-09-12 19:37:00', 5, NULL),
(21, 5, 'Harvey Norman', 'iPhone Xs', '2021-09-12 20:35:55', 5, NULL),
(216, 11, 'Best Denki', 'Samsung Galaxy S21', '2021-09-12 22:01:15', 4, NULL),
(64, 10, 'Gain City', 'Samsung Galaxy S20', '2021-09-12 22:07:49', 4, NULL),
(200, 11, 'Gain City', 'Samsung Galaxy S21', '2021-09-12 23:21:02', 4, NULL),
(270, 14, 'Harvey Norman', 'Samsung Galaxy S20', '2021-09-12 23:28:58', 5, NULL),
(106, 19, 'Harvey Norman', 'iPhone 12', '2021-09-13 00:44:30', 4, NULL),
(146, 5, 'Best Denki', 'Samsung Galaxy S20', '2021-09-13 01:30:30', 5, NULL),
(161, 9, 'Parisilk', 'Samsung Galaxy S21', '2021-09-13 02:14:21', 5, NULL),
(285, 19, 'Metro', 'Samsung Galaxy S20', '2021-09-13 03:26:48', 5, NULL),
(34, 20, 'Metro', 'Samsung Galaxy S20', '2021-09-13 03:45:07', 4, NULL),
(121, 11, 'Harvey Norman', 'Samsung Galaxy S20', '2021-09-13 04:39:39', 4, NULL),
(17, 10, 'Best Denki', 'Samsung Galaxy S20', '2021-09-13 04:51:33', 4, NULL),
(192, 14, 'Courts', 'Samsung Galaxy S21', '2021-09-13 06:15:12', 5, NULL),
(148, 2, 'Gain City', 'iPhone 11', '2021-09-13 06:19:52', 5, NULL),
(258, 5, 'Harvey Norman', 'iPhone Xs', '2021-09-13 08:28:20', 4, NULL),
(179, 18, 'CR Group', 'iPhone Xs', '2021-09-13 08:46:44', 5, NULL),
(24, 1, 'Courts', 'iPhone 11', '2021-09-13 09:10:44', 4, NULL),
(100, 16, 'Metro', 'iPhone Xs', '2021-09-13 09:32:25', 4, NULL),
(258, 11, 'Gain City', 'iPhone Xs', '2021-09-13 11:45:14', 4, NULL),
(30, 2, 'Harvey Norman', 'Samsung Galaxy S21', '2021-09-13 12:58:43', 4, NULL),
(21, 1, 'Gain City', 'Samsung Galaxy S21', '2021-09-13 13:07:35', 4, NULL),
(295, 12, 'Parisilk', 'Samsung Galaxy S21', '2021-09-13 14:38:39', 5, NULL),
(34, 19, 'Metro', 'iPhone 11', '2021-09-13 15:56:17', 4, NULL),
(285, 17, 'Harvey Norman', 'iPhone Xs', '2021-09-13 16:42:25', 5, NULL),
(220, 10, 'Harvey Norman', 'Samsung Galaxy S21', '2021-09-13 17:50:57', 5, NULL),
(86, 18, 'Harvey Norman', 'Samsung Galaxy S20', '2021-09-13 19:34:46', 4, NULL),
(157, 18, 'Gain City', 'iPhone 11', '2021-09-13 21:43:25', 5, NULL),
(149, 16, 'Harvey Norman', 'Samsung Galaxy S21', '2021-09-13 23:58:10', 4, NULL),
(126, 18, 'CR Group', 'Samsung Galaxy S20', '2021-09-14 00:13:16', 5, NULL),
(175, 5, 'Parisilk', 'iPhone 11', '2021-09-14 01:06:36', 4, NULL),
(259, 8, 'Courts', 'Samsung Galaxy S20', '2021-09-14 03:02:11', 5, NULL),
(196, 10, 'Best Denki', 'Samsung Galaxy S21', '2021-09-14 03:43:52', 5, NULL),
(218, 5, 'CR Group', 'iPhone 11', '2021-09-14 06:06:52', 4, NULL),
(175, 7, 'Metro', 'iPhone 12', '2021-09-14 06:17:50', 4, NULL),
(31, 18, 'Parisilk', 'Samsung Galaxy S21', '2021-09-14 07:13:07', 5, NULL),
(163, 13, 'CR Group', 'iPhone Xs', '2021-09-14 08:35:14', 4, NULL),
(275, 20, 'Parisilk', 'Samsung Galaxy S21', '2021-09-14 09:30:38', 4, NULL),
(216, 15, 'Courts', 'iPhone 12', '2021-09-14 11:49:24', 5, NULL),
(255, 6, 'Best Denki', 'iPhone 12', '2021-09-14 11:55:30', 5, NULL),
(231, 1, 'Parisilk', 'Samsung Galaxy S20', '2021-09-14 13:47:02', 5, NULL),
(270, 17, 'Harvey Norman', 'Samsung Galaxy S21', '2021-09-14 15:05:12', 4, NULL),
(95, 10, 'Best Denki', 'iPhone 11', '2021-09-14 17:02:29', 5, NULL),
(58, 15, 'Best Denki', 'Samsung Galaxy S21', '2021-09-14 17:26:19', 5, NULL),
(159, 12, 'Best Denki', 'iPhone 11', '2021-09-14 17:35:05', 5, NULL),
(238, 3, 'Parisilk', 'iPhone 11', '2021-09-14 17:46:18', 4, NULL),
(182, 1, 'Harvey Norman', 'iPhone 11', '2021-09-14 18:41:05', 5, NULL),
(226, 7, 'Best Denki', 'iPhone 11', '2021-09-14 19:10:34', 4, NULL),
(134, 15, 'Harvey Norman', 'iPhone 11', '2021-09-14 21:21:15', 4, NULL),
(194, 14, 'Parisilk', 'iPhone 12', '2021-09-14 22:58:56', 4, NULL),
(196, 10, 'Courts', 'Samsung Galaxy S21', '2021-09-14 23:02:39', 5, NULL),
(36, 10, 'CR Group', 'iPhone Xs', '2021-09-15 00:05:22', 5, NULL),
(203, 16, 'Gain City', 'iPhone 11', '2021-09-15 01:41:00', 4, NULL),
(94, 2, 'Parisilk', 'iPhone Xs', '2021-09-15 02:18:00', 5, NULL),
(218, 12, 'CR Group', 'iPhone 12', '2021-09-15 03:25:00', 4, NULL),
(294, 5, 'Parisilk', 'iPhone Xs', '2021-09-15 04:48:50', 4, NULL),
(191, 18, 'Harvey Norman', 'iPhone Xs', '2021-09-15 05:18:25', 5, NULL),
(142, 14, 'Harvey Norman', 'iPhone 11', '2021-09-15 06:20:40', 5, NULL),
(281, 13, 'Gain City', 'iPhone 11', '2021-09-15 06:39:46', 5, NULL),
(37, 8, 'Harvey Norman', 'Samsung Galaxy S21', '2021-09-15 08:14:44', 5, NULL),
(102, 12, 'CR Group', 'iPhone 12', '2021-09-15 08:20:57', 5, NULL),
(285, 12, 'Gain City', 'iPhone 11', '2021-09-15 10:39:32', 4, NULL),
(151, 20, 'Courts', 'iPhone 11', '2021-09-15 11:50:24', 4, NULL),
(68, 1, 'Metro', 'iPhone Xs', '2021-09-15 13:52:08', 5, NULL),
(86, 19, 'Harvey Norman', 'iPhone Xs', '2021-09-15 14:55:00', 4, NULL),
(266, 14, 'CR Group', 'Samsung Galaxy S21', '2021-09-15 15:24:08', 4, NULL),
(57, 17, 'Parisilk', 'iPhone 11', '2021-09-15 16:27:18', 4, NULL),
(231, 9, 'Courts', 'iPhone 11', '2021-09-15 18:40:44', 5, NULL),
(142, 15, 'Gain City', 'iPhone 12', '2021-09-15 20:28:45', 4, NULL),
(42, 3, 'Courts', 'Samsung Galaxy S21', '2021-09-15 22:42:05', 4, NULL),
(72, 14, 'Parisilk', 'iPhone Xs', '2021-09-16 00:33:39', 4, NULL),
(219, 7, 'Harvey Norman', 'iPhone Xs', '2021-09-16 02:40:56', 4, NULL),
(45, 2, 'Courts', 'iPhone 12', '2021-09-16 04:00:17', 5, NULL),
(58, 13, 'Metro', 'iPhone Xs', '2021-09-16 06:05:15', 5, NULL),
(85, 6, 'Gain City', 'Samsung Galaxy S21', '2021-09-16 07:38:01', 4, NULL),
(190, 20, 'Best Denki', 'iPhone 11', '2021-09-16 08:46:02', 4, NULL),
(191, 6, 'Harvey Norman', 'iPhone Xs', '2021-09-16 10:29:08', 4, NULL),
(84, 5, 'Best Denki', 'iPhone 11', '2021-09-16 10:53:19', 4, NULL),
(175, 19, 'Gain City', 'Samsung Galaxy S21', '2021-09-16 12:35:46', 5, NULL),
(146, 18, 'Metro', 'Samsung Galaxy S20', '2021-09-16 13:10:26', 5, NULL),
(180, 2, 'CR Group', 'iPhone Xs', '2021-09-16 13:27:30', 4, NULL),
(270, 11, 'Best Denki', 'Samsung Galaxy S21', '2021-09-16 14:37:34', 5, NULL),
(41, 16, 'Courts', 'Samsung Galaxy S20', '2021-09-16 16:36:42', 4, NULL),
(186, 5, 'Best Denki', 'iPhone Xs', '2021-09-16 17:17:37', 5, NULL),
(6, 1, 'Best Denki', 'iPhone 12', '2021-09-16 18:02:05', 4, NULL),
(249, 9, 'Best Denki', 'iPhone 12', '2021-09-16 20:17:38', 5, NULL),
(50, 14, 'Gain City', 'Samsung Galaxy S21', '2021-09-16 22:26:16', 5, NULL),
(253, 6, 'CR Group', 'Samsung Galaxy S21', '2021-09-16 22:51:42', 4, NULL),
(22, 11, 'Courts', 'Samsung Galaxy S20', '2021-09-17 01:10:24', 4, NULL),
(253, 17, 'Courts', 'iPhone Xs', '2021-09-17 01:34:26', 4, NULL),
(216, 16, 'Parisilk', 'Samsung Galaxy S21', '2021-09-17 03:08:04', 5, NULL),
(164, 3, 'CR Group', 'iPhone 11', '2021-09-17 05:24:02', 5, NULL),
(78, 20, 'Harvey Norman', 'iPhone 11', '2021-09-17 07:16:30', 5, NULL),
(231, 16, 'Best Denki', 'iPhone 12', '2021-09-17 09:03:48', 5, NULL),
(53, 17, 'Gain City', 'Samsung Galaxy S20', '2021-09-17 09:26:20', 4, NULL),
(72, 20, 'Parisilk', 'Samsung Galaxy S21', '2021-09-17 10:59:33', 4, NULL),
(298, 5, 'Gain City', 'iPhone 12', '2021-09-17 13:14:42', 5, NULL),
(87, 8, 'Gain City', 'iPhone 12', '2021-09-17 15:33:42', 4, NULL),
(215, 4, 'Courts', 'iPhone 12', '2021-09-17 17:27:19', 5, NULL),
(237, 16, 'CR Group', 'Samsung Galaxy S21', '2021-09-17 17:45:28', 5, NULL),
(16, 3, 'Courts', 'iPhone Xs', '2021-09-17 18:09:48', 4, NULL),
(219, 12, 'Best Denki', 'iPhone Xs', '2021-09-17 19:04:34', 5, NULL),
(280, 9, 'Parisilk', 'iPhone Xs', '2021-09-17 20:46:16', 5, NULL),
(22, 15, 'Harvey Norman', 'iPhone 12', '2021-09-17 22:31:25', 4, NULL),
(114, 20, 'Gain City', 'Samsung Galaxy S20', '2021-09-17 22:36:04', 4, NULL),
(162, 12, 'Best Denki', 'iPhone 12', '2021-09-18 00:46:31', 5, NULL),
(32, 16, 'Best Denki', 'iPhone 12', '2021-09-18 02:48:15', 5, NULL),
(40, 18, 'Courts', 'Samsung Galaxy S21', '2021-09-18 03:45:39', 4, NULL),
(237, 1, 'Best Denki', 'iPhone Xs', '2021-09-18 06:04:25', 4, NULL),
(154, 14, 'Parisilk', 'iPhone 12', '2021-09-18 06:43:18', 4, NULL),
(248, 2, 'Gain City', 'Samsung Galaxy S20', '2021-09-18 08:22:40', 4, NULL),
(255, 12, 'Harvey Norman', 'iPhone Xs', '2021-09-18 09:04:01', 5, NULL),
(122, 8, 'CR Group', 'Samsung Galaxy S21', '2021-09-18 09:39:01', 4, NULL),
(249, 16, 'Metro', 'Samsung Galaxy S20', '2021-09-18 10:46:44', 5, NULL),
(24, 5, 'Harvey Norman', 'iPhone Xs', '2021-09-18 11:21:27', 5, NULL),
(40, 6, 'Best Denki', 'Samsung Galaxy S20', '2021-09-18 11:57:56', 4, NULL),
(225, 7, 'CR Group', 'Samsung Galaxy S21', '2021-09-18 12:14:49', 5, NULL),
(270, 18, 'CR Group', 'iPhone Xs', '2021-09-18 13:29:16', 5, NULL),
(36, 13, 'Harvey Norman', 'iPhone 12', '2021-09-18 15:32:03', 4, NULL),
(48, 3, 'Metro', 'Samsung Galaxy S21', '2021-09-18 17:40:49', 4, NULL),
(199, 4, 'CR Group', 'iPhone 11', '2021-09-18 19:53:34', 5, NULL),
(174, 13, 'CR Group', 'iPhone Xs', '2021-09-18 20:15:34', 4, NULL),
(288, 10, 'Parisilk', 'iPhone Xs', '2021-09-18 22:18:08', 4, NULL),
(188, 16, 'Parisilk', 'Samsung Galaxy S20', '2021-09-18 23:31:46', 4, NULL),
(179, 16, 'Parisilk', 'Samsung Galaxy S20', '2021-09-19 00:01:01', 4, NULL),
(262, 19, 'Metro', 'Samsung Galaxy S21', '2021-09-19 01:01:40', 4, NULL),
(152, 10, 'Best Denki', 'iPhone 12', '2021-09-19 01:23:03', 5, NULL),
(57, 11, 'Metro', 'Samsung Galaxy S20', '2021-09-19 02:10:17', 5, NULL),
(266, 4, 'Gain City', 'Samsung Galaxy S21', '2021-09-19 03:24:41', 5, NULL),
(68, 18, 'Harvey Norman', 'iPhone 12', '2021-09-19 05:39:10', 5, NULL),
(34, 18, 'Gain City', 'iPhone 11', '2021-09-19 06:33:39', 5, NULL),
(63, 3, 'CR Group', 'Samsung Galaxy S20', '2021-09-19 07:48:39', 5, NULL);